fruit,path
APPLES,APPLES/0_100.jpg
APPLES,APPLES/100_100.jpg
APPLES,APPLES/101_100.jpg
APPLES,APPLES/102_100.jpg
APPLES,APPLES/103_100.jpg
APPLES,APPLES/104_100.jpg
APPLES,APPLES/105_100.jpg
APPLES,APPLES/106_100.jpg
APPLES,APPLES/107_100.jpg
APPLES,APPLES/108_100.jpg
APPLES,APPLES/109_100.jpg
APPLES,APPLES/10_100.jpg
APPLES,APPLES/110_100.jpg
APPLES,APPLES/111_100.jpg
APPLES,APPLES/112_100.jpg
APPLES,APPLES/113_100.jpg
APPLES,APPLES/114_100.jpg
APPLES,APPLES/115_100.jpg
APPLES,APPLES/116_100.jpg
APPLES,APPLES/117_100.jpg
APPLES,APPLES/118_100.jpg
APPLES,APPLES/119_100.jpg
APPLES,APPLES/11_100.jpg
APPLES,APPLES/120_100.jpg
APPLES,APPLES/121_100.jpg
APPLES,APPLES/122_100.jpg
APPLES,APPLES/123_100.jpg
APPLES,APPLES/124_100.jpg
APPLES,APPLES/125_100.jpg
APPLES,APPLES/126_100.jpg
APPLES,APPLES/127_100.jpg
APPLES,APPLES/128_100.jpg
APPLES,APPLES/129_100.jpg
APPLES,APPLES/12_100.jpg
APPLES,APPLES/130_100.jpg
APPLES,APPLES/131_100.jpg
APPLES,APPLES/132_100.jpg
APPLES,APPLES/133_100.jpg
APPLES,APPLES/134_100.jpg
APPLES,APPLES/135_100.jpg
APPLES,APPLES/136_100.jpg
APPLES,APPLES/137_100.jpg
APPLES,APPLES/138_100.jpg
APPLES,APPLES/139_100.jpg
APPLES,APPLES/13_100.jpg
APPLES,APPLES/140_100.jpg
APPLES,APPLES/141_100.jpg
APPLES,APPLES/142_100.jpg
APPLES,APPLES/143_100.jpg
APPLES,APPLES/144_100.jpg
APPLES,APPLES/145_100.jpg
APPLES,APPLES/146_100.jpg
APPLES,APPLES/147_100.jpg
APPLES,APPLES/148_100.jpg
APPLES,APPLES/149_100.jpg
APPLES,APPLES/14_100.jpg
APPLES,APPLES/150_100.jpg
APPLES,APPLES/151_100.jpg
APPLES,APPLES/152_100.jpg
APPLES,APPLES/153_100.jpg
APPLES,APPLES/154_100.jpg
APPLES,APPLES/155_100.jpg
APPLES,APPLES/156_100.jpg
APPLES,APPLES/157_100.jpg
APPLES,APPLES/158_100.jpg
APPLES,APPLES/159_100.jpg
APPLES,APPLES/15_100.jpg
APPLES,APPLES/160_100.jpg
APPLES,APPLES/161_100.jpg
APPLES,APPLES/162_100.jpg
APPLES,APPLES/163_100.jpg
APPLES,APPLES/164_100.jpg
APPLES,APPLES/165_100.jpg
APPLES,APPLES/166_100.jpg
APPLES,APPLES/167_100.jpg
APPLES,APPLES/168_100.jpg
APPLES,APPLES/169_100.jpg
APPLES,APPLES/16_100.jpg
APPLES,APPLES/170_100.jpg
APPLES,APPLES/171_100.jpg
APPLES,APPLES/172_100.jpg
APPLES,APPLES/173_100.jpg
APPLES,APPLES/174_100.jpg
APPLES,APPLES/175_100.jpg
APPLES,APPLES/176_100.jpg
APPLES,APPLES/177_100.jpg
APPLES,APPLES/178_100.jpg
APPLES,APPLES/179_100.jpg
APPLES,APPLES/17_100.jpg
APPLES,APPLES/180_100.jpg
APPLES,APPLES/181_100.jpg
APPLES,APPLES/182_100.jpg
APPLES,APPLES/183_100.jpg
APPLES,APPLES/184_100.jpg
APPLES,APPLES/185_100.jpg
APPLES,APPLES/186_100.jpg
APPLES,APPLES/187_100.jpg
APPLES,APPLES/188_100.jpg
APPLES,APPLES/189_100.jpg
APPLES,APPLES/18_100.jpg
APPLES,APPLES/190_100.jpg
APPLES,APPLES/191_100.jpg
APPLES,APPLES/192_100.jpg
APPLES,APPLES/193_100.jpg
APPLES,APPLES/194_100.jpg
APPLES,APPLES/195_100.jpg
APPLES,APPLES/196_100.jpg
APPLES,APPLES/197_100.jpg
APPLES,APPLES/198_100.jpg
APPLES,APPLES/199_100.jpg
APPLES,APPLES/19_100.jpg
APPLES,APPLES/1_100.jpg
APPLES,APPLES/200_100.jpg
APPLES,APPLES/201_100.jpg
APPLES,APPLES/202_100.jpg
APPLES,APPLES/203_100.jpg
APPLES,APPLES/204_100.jpg
APPLES,APPLES/205_100.jpg
APPLES,APPLES/206_100.jpg
APPLES,APPLES/207_100.jpg
APPLES,APPLES/208_100.jpg
APPLES,APPLES/209_100.jpg
APPLES,APPLES/20_100.jpg
APPLES,APPLES/210_100.jpg
APPLES,APPLES/211_100.jpg
APPLES,APPLES/212_100.jpg
APPLES,APPLES/213_100.jpg
APPLES,APPLES/214_100.jpg
APPLES,APPLES/215_100.jpg
APPLES,APPLES/216_100.jpg
APPLES,APPLES/217_100.jpg
APPLES,APPLES/218_100.jpg
APPLES,APPLES/219_100.jpg
APPLES,APPLES/21_100.jpg
APPLES,APPLES/220_100.jpg
APPLES,APPLES/221_100.jpg
APPLES,APPLES/222_100.jpg
APPLES,APPLES/223_100.jpg
APPLES,APPLES/224_100.jpg
APPLES,APPLES/225_100.jpg
APPLES,APPLES/226_100.jpg
APPLES,APPLES/227_100.jpg
APPLES,APPLES/228_100.jpg
APPLES,APPLES/229_100.jpg
APPLES,APPLES/22_100.jpg
APPLES,APPLES/230_100.jpg
APPLES,APPLES/231_100.jpg
APPLES,APPLES/232_100.jpg
APPLES,APPLES/233_100.jpg
APPLES,APPLES/234_100.jpg
APPLES,APPLES/235_100.jpg
APPLES,APPLES/236_100.jpg
APPLES,APPLES/237_100.jpg
APPLES,APPLES/238_100.jpg
APPLES,APPLES/239_100.jpg
APPLES,APPLES/23_100.jpg
APPLES,APPLES/240_100.jpg
APPLES,APPLES/241_100.jpg
APPLES,APPLES/242_100.jpg
APPLES,APPLES/243_100.jpg
APPLES,APPLES/244_100.jpg
APPLES,APPLES/245_100.jpg
APPLES,APPLES/246_100.jpg
APPLES,APPLES/247_100.jpg
APPLES,APPLES/248_100.jpg
APPLES,APPLES/249_100.jpg
APPLES,APPLES/24_100.jpg
APPLES,APPLES/250_100.jpg
APPLES,APPLES/251_100.jpg
APPLES,APPLES/252_100.jpg
APPLES,APPLES/253_100.jpg
APPLES,APPLES/254_100.jpg
APPLES,APPLES/255_100.jpg
APPLES,APPLES/256_100.jpg
APPLES,APPLES/257_100.jpg
APPLES,APPLES/258_100.jpg
APPLES,APPLES/259_100.jpg
APPLES,APPLES/25_100.jpg
APPLES,APPLES/260_100.jpg
APPLES,APPLES/261_100.jpg
APPLES,APPLES/262_100.jpg
APPLES,APPLES/263_100.jpg
APPLES,APPLES/264_100.jpg
APPLES,APPLES/265_100.jpg
APPLES,APPLES/266_100.jpg
APPLES,APPLES/267_100.jpg
APPLES,APPLES/268_100.jpg
APPLES,APPLES/269_100.jpg
APPLES,APPLES/26_100.jpg
APPLES,APPLES/270_100.jpg
APPLES,APPLES/271_100.jpg
APPLES,APPLES/272_100.jpg
APPLES,APPLES/273_100.jpg
APPLES,APPLES/274_100.jpg
APPLES,APPLES/275_100.jpg
APPLES,APPLES/276_100.jpg
APPLES,APPLES/277_100.jpg
APPLES,APPLES/278_100.jpg
APPLES,APPLES/279_100.jpg
APPLES,APPLES/27_100.jpg
APPLES,APPLES/280_100.jpg
APPLES,APPLES/281_100.jpg
APPLES,APPLES/282_100.jpg
APPLES,APPLES/283_100.jpg
APPLES,APPLES/284_100.jpg
APPLES,APPLES/285_100.jpg
APPLES,APPLES/286_100.jpg
APPLES,APPLES/287_100.jpg
APPLES,APPLES/288_100.jpg
APPLES,APPLES/289_100.jpg
APPLES,APPLES/28_100.jpg
APPLES,APPLES/290_100.jpg
APPLES,APPLES/291_100.jpg
APPLES,APPLES/292_100.jpg
APPLES,APPLES/293_100.jpg
APPLES,APPLES/294_100.jpg
APPLES,APPLES/295_100.jpg
APPLES,APPLES/296_100.jpg
APPLES,APPLES/297_100.jpg
APPLES,APPLES/298_100.jpg
APPLES,APPLES/299_100.jpg
APPLES,APPLES/29_100.jpg
APPLES,APPLES/2_100.jpg
APPLES,APPLES/300_100.jpg
APPLES,APPLES/301_100.jpg
APPLES,APPLES/302_100.jpg
APPLES,APPLES/303_100.jpg
APPLES,APPLES/304_100.jpg
APPLES,APPLES/305_100.jpg
APPLES,APPLES/306_100.jpg
APPLES,APPLES/307_100.jpg
APPLES,APPLES/308_100.jpg
APPLES,APPLES/309_100.jpg
APPLES,APPLES/30_100.jpg
APPLES,APPLES/310_100.jpg
APPLES,APPLES/311_100.jpg
APPLES,APPLES/312_100.jpg
APPLES,APPLES/313_100.jpg
APPLES,APPLES/314_100.jpg
APPLES,APPLES/315_100.jpg
APPLES,APPLES/316_100.jpg
APPLES,APPLES/317_100.jpg
APPLES,APPLES/318_100.jpg
APPLES,APPLES/319_100.jpg
APPLES,APPLES/31_100.jpg
APPLES,APPLES/320_100.jpg
APPLES,APPLES/32_100.jpg
APPLES,APPLES/33_100.jpg
APPLES,APPLES/34_100.jpg
APPLES,APPLES/35_100.jpg
APPLES,APPLES/36_100.jpg
APPLES,APPLES/37_100.jpg
APPLES,APPLES/38_100.jpg
APPLES,APPLES/39_100.jpg
APPLES,APPLES/3_100.jpg
APPLES,APPLES/40_100.jpg
APPLES,APPLES/41_100.jpg
APPLES,APPLES/42_100.jpg
APPLES,APPLES/43_100.jpg
APPLES,APPLES/44_100.jpg
APPLES,APPLES/45_100.jpg
APPLES,APPLES/46_100.jpg
APPLES,APPLES/47_100.jpg
APPLES,APPLES/48_100.jpg
APPLES,APPLES/49_100.jpg
APPLES,APPLES/4_100.jpg
APPLES,APPLES/50_100.jpg
APPLES,APPLES/51_100.jpg
APPLES,APPLES/52_100.jpg
APPLES,APPLES/53_100.jpg
APPLES,APPLES/54_100.jpg
APPLES,APPLES/55_100.jpg
APPLES,APPLES/56_100.jpg
APPLES,APPLES/57_100.jpg
APPLES,APPLES/58_100.jpg
APPLES,APPLES/59_100.jpg
APPLES,APPLES/5_100.jpg
APPLES,APPLES/60_100.jpg
APPLES,APPLES/61_100.jpg
APPLES,APPLES/62_100.jpg
APPLES,APPLES/63_100.jpg
APPLES,APPLES/64_100.jpg
APPLES,APPLES/65_100.jpg
APPLES,APPLES/66_100.jpg
APPLES,APPLES/67_100.jpg
APPLES,APPLES/68_100.jpg
APPLES,APPLES/69_100.jpg
APPLES,APPLES/6_100.jpg
APPLES,APPLES/70_100.jpg
APPLES,APPLES/71_100.jpg
APPLES,APPLES/72_100.jpg
APPLES,APPLES/73_100.jpg
APPLES,APPLES/74_100.jpg
APPLES,APPLES/75_100.jpg
APPLES,APPLES/76_100.jpg
APPLES,APPLES/77_100.jpg
APPLES,APPLES/78_100.jpg
APPLES,APPLES/79_100.jpg
APPLES,APPLES/7_100.jpg
APPLES,APPLES/8_100.jpg
APPLES,APPLES/9_100.jpg
APPLES,APPLES/r_0_100.jpg
APPLES,APPLES/r_100_100.jpg
APPLES,APPLES/r_101_100.jpg
APPLES,APPLES/r_102_100.jpg
APPLES,APPLES/r_103_100.jpg
APPLES,APPLES/r_104_100.jpg
APPLES,APPLES/r_105_100.jpg
APPLES,APPLES/r_106_100.jpg
APPLES,APPLES/r_107_100.jpg
APPLES,APPLES/r_108_100.jpg
APPLES,APPLES/r_109_100.jpg
APPLES,APPLES/r_10_100.jpg
APPLES,APPLES/r_110_100.jpg
APPLES,APPLES/r_111_100.jpg
APPLES,APPLES/r_112_100.jpg
APPLES,APPLES/r_113_100.jpg
APPLES,APPLES/r_114_100.jpg
APPLES,APPLES/r_115_100.jpg
APPLES,APPLES/r_116_100.jpg
APPLES,APPLES/r_117_100.jpg
APPLES,APPLES/r_118_100.jpg
APPLES,APPLES/r_119_100.jpg
APPLES,APPLES/r_11_100.jpg
APPLES,APPLES/r_120_100.jpg
APPLES,APPLES/r_121_100.jpg
APPLES,APPLES/r_122_100.jpg
APPLES,APPLES/r_123_100.jpg
APPLES,APPLES/r_124_100.jpg
APPLES,APPLES/r_125_100.jpg
APPLES,APPLES/r_126_100.jpg
APPLES,APPLES/r_127_100.jpg
APPLES,APPLES/r_128_100.jpg
APPLES,APPLES/r_129_100.jpg
APPLES,APPLES/r_12_100.jpg
APPLES,APPLES/r_130_100.jpg
APPLES,APPLES/r_131_100.jpg
APPLES,APPLES/r_132_100.jpg
APPLES,APPLES/r_133_100.jpg
APPLES,APPLES/r_134_100.jpg
APPLES,APPLES/r_135_100.jpg
APPLES,APPLES/r_136_100.jpg
APPLES,APPLES/r_137_100.jpg
APPLES,APPLES/r_138_100.jpg
APPLES,APPLES/r_139_100.jpg
APPLES,APPLES/r_13_100.jpg
APPLES,APPLES/r_140_100.jpg
APPLES,APPLES/r_141_100.jpg
APPLES,APPLES/r_142_100.jpg
APPLES,APPLES/r_143_100.jpg
APPLES,APPLES/r_144_100.jpg
APPLES,APPLES/r_145_100.jpg
APPLES,APPLES/r_146_100.jpg
APPLES,APPLES/r_147_100.jpg
APPLES,APPLES/r_148_100.jpg
APPLES,APPLES/r_149_100.jpg
APPLES,APPLES/r_14_100.jpg
APPLES,APPLES/r_150_100.jpg
APPLES,APPLES/r_151_100.jpg
APPLES,APPLES/r_152_100.jpg
APPLES,APPLES/r_153_100.jpg
APPLES,APPLES/r_154_100.jpg
APPLES,APPLES/r_155_100.jpg
APPLES,APPLES/r_156_100.jpg
APPLES,APPLES/r_157_100.jpg
APPLES,APPLES/r_158_100.jpg
APPLES,APPLES/r_159_100.jpg
APPLES,APPLES/r_15_100.jpg
APPLES,APPLES/r_160_100.jpg
APPLES,APPLES/r_161_100.jpg
APPLES,APPLES/r_162_100.jpg
APPLES,APPLES/r_163_100.jpg
APPLES,APPLES/r_164_100.jpg
APPLES,APPLES/r_165_100.jpg
APPLES,APPLES/r_166_100.jpg
APPLES,APPLES/r_167_100.jpg
APPLES,APPLES/r_168_100.jpg
APPLES,APPLES/r_169_100.jpg
APPLES,APPLES/r_16_100.jpg
APPLES,APPLES/r_170_100.jpg
APPLES,APPLES/r_171_100.jpg
APPLES,APPLES/r_172_100.jpg
APPLES,APPLES/r_173_100.jpg
APPLES,APPLES/r_174_100.jpg
APPLES,APPLES/r_175_100.jpg
APPLES,APPLES/r_176_100.jpg
APPLES,APPLES/r_177_100.jpg
APPLES,APPLES/r_178_100.jpg
APPLES,APPLES/r_179_100.jpg
APPLES,APPLES/r_17_100.jpg
APPLES,APPLES/r_180_100.jpg
APPLES,APPLES/r_181_100.jpg
APPLES,APPLES/r_182_100.jpg
APPLES,APPLES/r_183_100.jpg
APPLES,APPLES/r_184_100.jpg
APPLES,APPLES/r_185_100.jpg
APPLES,APPLES/r_186_100.jpg
APPLES,APPLES/r_187_100.jpg
APPLES,APPLES/r_188_100.jpg
APPLES,APPLES/r_189_100.jpg
APPLES,APPLES/r_18_100.jpg
APPLES,APPLES/r_190_100.jpg
APPLES,APPLES/r_191_100.jpg
APPLES,APPLES/r_192_100.jpg
APPLES,APPLES/r_193_100.jpg
APPLES,APPLES/r_194_100.jpg
APPLES,APPLES/r_195_100.jpg
APPLES,APPLES/r_196_100.jpg
APPLES,APPLES/r_197_100.jpg
APPLES,APPLES/r_198_100.jpg
APPLES,APPLES/r_199_100.jpg
APPLES,APPLES/r_19_100.jpg
APPLES,APPLES/r_1_100.jpg
APPLES,APPLES/r_200_100.jpg
APPLES,APPLES/r_201_100.jpg
APPLES,APPLES/r_202_100.jpg
APPLES,APPLES/r_203_100.jpg
APPLES,APPLES/r_204_100.jpg
APPLES,APPLES/r_205_100.jpg
APPLES,APPLES/r_206_100.jpg
APPLES,APPLES/r_207_100.jpg
APPLES,APPLES/r_208_100.jpg
APPLES,APPLES/r_209_100.jpg
APPLES,APPLES/r_20_100.jpg
APPLES,APPLES/r_210_100.jpg
APPLES,APPLES/r_211_100.jpg
APPLES,APPLES/r_212_100.jpg
APPLES,APPLES/r_213_100.jpg
APPLES,APPLES/r_214_100.jpg
APPLES,APPLES/r_215_100.jpg
APPLES,APPLES/r_216_100.jpg
APPLES,APPLES/r_217_100.jpg
APPLES,APPLES/r_218_100.jpg
APPLES,APPLES/r_219_100.jpg
APPLES,APPLES/r_21_100.jpg
APPLES,APPLES/r_220_100.jpg
APPLES,APPLES/r_221_100.jpg
APPLES,APPLES/r_222_100.jpg
APPLES,APPLES/r_223_100.jpg
APPLES,APPLES/r_224_100.jpg
APPLES,APPLES/r_225_100.jpg
APPLES,APPLES/r_226_100.jpg
APPLES,APPLES/r_227_100.jpg
APPLES,APPLES/r_228_100.jpg
APPLES,APPLES/r_229_100.jpg
APPLES,APPLES/r_22_100.jpg
APPLES,APPLES/r_230_100.jpg
APPLES,APPLES/r_231_100.jpg
APPLES,APPLES/r_232_100.jpg
APPLES,APPLES/r_233_100.jpg
APPLES,APPLES/r_234_100.jpg
APPLES,APPLES/r_235_100.jpg
APPLES,APPLES/r_236_100.jpg
APPLES,APPLES/r_237_100.jpg
APPLES,APPLES/r_238_100.jpg
APPLES,APPLES/r_239_100.jpg
APPLES,APPLES/r_23_100.jpg
APPLES,APPLES/r_240_100.jpg
APPLES,APPLES/r_241_100.jpg
APPLES,APPLES/r_242_100.jpg
APPLES,APPLES/r_243_100.jpg
APPLES,APPLES/r_244_100.jpg
APPLES,APPLES/r_245_100.jpg
APPLES,APPLES/r_246_100.jpg
APPLES,APPLES/r_247_100.jpg
APPLES,APPLES/r_248_100.jpg
APPLES,APPLES/r_249_100.jpg
APPLES,APPLES/r_24_100.jpg
APPLES,APPLES/r_250_100.jpg
APPLES,APPLES/r_251_100.jpg
APPLES,APPLES/r_252_100.jpg
APPLES,APPLES/r_253_100.jpg
APPLES,APPLES/r_254_100.jpg
APPLES,APPLES/r_255_100.jpg
APPLES,APPLES/r_256_100.jpg
APPLES,APPLES/r_257_100.jpg
APPLES,APPLES/r_258_100.jpg
APPLES,APPLES/r_259_100.jpg
APPLES,APPLES/r_25_100.jpg
APPLES,APPLES/r_260_100.jpg
APPLES,APPLES/r_261_100.jpg
APPLES,APPLES/r_262_100.jpg
APPLES,APPLES/r_263_100.jpg
APPLES,APPLES/r_264_100.jpg
APPLES,APPLES/r_265_100.jpg
APPLES,APPLES/r_266_100.jpg
APPLES,APPLES/r_267_100.jpg
APPLES,APPLES/r_268_100.jpg
APPLES,APPLES/r_269_100.jpg
APPLES,APPLES/r_26_100.jpg
APPLES,APPLES/r_270_100.jpg
APPLES,APPLES/r_271_100.jpg
APPLES,APPLES/r_272_100.jpg
APPLES,APPLES/r_273_100.jpg
APPLES,APPLES/r_274_100.jpg
APPLES,APPLES/r_275_100.jpg
APPLES,APPLES/r_276_100.jpg
APPLES,APPLES/r_277_100.jpg
APPLES,APPLES/r_278_100.jpg
APPLES,APPLES/r_279_100.jpg
APPLES,APPLES/r_27_100.jpg
APPLES,APPLES/r_280_100.jpg
APPLES,APPLES/r_281_100.jpg
APPLES,APPLES/r_282_100.jpg
APPLES,APPLES/r_283_100.jpg
APPLES,APPLES/r_284_100.jpg
APPLES,APPLES/r_285_100.jpg
APPLES,APPLES/r_286_100.jpg
APPLES,APPLES/r_287_100.jpg
APPLES,APPLES/r_288_100.jpg
APPLES,APPLES/r_289_100.jpg
APPLES,APPLES/r_28_100.jpg
APPLES,APPLES/r_290_100.jpg
APPLES,APPLES/r_291_100.jpg
APPLES,APPLES/r_292_100.jpg
APPLES,APPLES/r_293_100.jpg
APPLES,APPLES/r_294_100.jpg
APPLES,APPLES/r_295_100.jpg
APPLES,APPLES/r_296_100.jpg
APPLES,APPLES/r_297_100.jpg
APPLES,APPLES/r_298_100.jpg
APPLES,APPLES/r_299_100.jpg
APPLES,APPLES/r_29_100.jpg
APPLES,APPLES/r_2_100.jpg
APPLES,APPLES/r_300_100.jpg
APPLES,APPLES/r_301_100.jpg
APPLES,APPLES/r_302_100.jpg
APPLES,APPLES/r_303_100.jpg
APPLES,APPLES/r_304_100.jpg
APPLES,APPLES/r_30_100.jpg
APPLES,APPLES/r_31_100.jpg
APPLES,APPLES/r_32_100.jpg
APPLES,APPLES/r_33_100.jpg
APPLES,APPLES/r_34_100.jpg
APPLES,APPLES/r_35_100.jpg
APPLES,APPLES/r_36_100.jpg
APPLES,APPLES/r_37_100.jpg
APPLES,APPLES/r_38_100.jpg
APPLES,APPLES/r_39_100.jpg
APPLES,APPLES/r_3_100.jpg
APPLES,APPLES/r_40_100.jpg
APPLES,APPLES/r_41_100.jpg
APPLES,APPLES/r_42_100.jpg
APPLES,APPLES/r_43_100.jpg
APPLES,APPLES/r_44_100.jpg
APPLES,APPLES/r_45_100.jpg
APPLES,APPLES/r_46_100.jpg
APPLES,APPLES/r_47_100.jpg
APPLES,APPLES/r_48_100.jpg
APPLES,APPLES/r_49_100.jpg
APPLES,APPLES/r_4_100.jpg
APPLES,APPLES/r_50_100.jpg
APPLES,APPLES/r_51_100.jpg
APPLES,APPLES/r_52_100.jpg
APPLES,APPLES/r_53_100.jpg
APPLES,APPLES/r_54_100.jpg
APPLES,APPLES/r_55_100.jpg
APPLES,APPLES/r_56_100.jpg
APPLES,APPLES/r_57_100.jpg
APPLES,APPLES/r_58_100.jpg
APPLES,APPLES/r_59_100.jpg
APPLES,APPLES/r_5_100.jpg
APPLES,APPLES/r_60_100.jpg
APPLES,APPLES/r_61_100.jpg
APPLES,APPLES/r_62_100.jpg
APPLES,APPLES/r_63_100.jpg
APPLES,APPLES/r_64_100.jpg
APPLES,APPLES/r_65_100.jpg
APPLES,APPLES/r_66_100.jpg
APPLES,APPLES/r_67_100.jpg
APPLES,APPLES/r_68_100.jpg
APPLES,APPLES/r_69_100.jpg
APPLES,APPLES/r_6_100.jpg
APPLES,APPLES/r_70_100.jpg
APPLES,APPLES/r_71_100.jpg
APPLES,APPLES/r_72_100.jpg
APPLES,APPLES/r_73_100.jpg
APPLES,APPLES/r_74_100.jpg
APPLES,APPLES/r_75_100.jpg
APPLES,APPLES/r_76_100.jpg
APPLES,APPLES/r_77_100.jpg
APPLES,APPLES/r_78_100.jpg
APPLES,APPLES/r_79_100.jpg
APPLES,APPLES/r_7_100.jpg
APPLES,APPLES/r_80_100.jpg
APPLES,APPLES/r_81_100.jpg
APPLES,APPLES/r_82_100.jpg
APPLES,APPLES/r_83_100.jpg
APPLES,APPLES/r_84_100.jpg
APPLES,APPLES/r_85_100.jpg
APPLES,APPLES/r_86_100.jpg
APPLES,APPLES/r_87_100.jpg
APPLES,APPLES/r_88_100.jpg
APPLES,APPLES/r_89_100.jpg
APPLES,APPLES/r_8_100.jpg
APPLES,APPLES/r_90_100.jpg
APPLES,APPLES/r_91_100.jpg
APPLES,APPLES/r_92_100.jpg
APPLES,APPLES/r_93_100.jpg
APPLES,APPLES/r_94_100.jpg
APPLES,APPLES/r_95_100.jpg
APPLES,APPLES/r_96_100.jpg
APPLES,APPLES/r_97_100.jpg
APPLES,APPLES/r_98_100.jpg
APPLES,APPLES/r_99_100.jpg
APPLES,APPLES/r_9_100.jpg
BANANA,BANANA/0_100.jpg
BANANA,BANANA/104_100.jpg
BANANA,BANANA/107_100.jpg
BANANA,BANANA/10_100.jpg
BANANA,BANANA/112_100.jpg
BANANA,BANANA/117_100.jpg
BANANA,BANANA/118_100.jpg
BANANA,BANANA/119_100.jpg
BANANA,BANANA/11_100.jpg
BANANA,BANANA/120_100.jpg
BANANA,BANANA/121_100.jpg
BANANA,BANANA/122_100.jpg
BANANA,BANANA/123_100.jpg
BANANA,BANANA/124_100.jpg
BANANA,BANANA/125_100.jpg
BANANA,BANANA/126_100.jpg
BANANA,BANANA/127_100.jpg
BANANA,BANANA/128_100.jpg
BANANA,BANANA/129_100.jpg
BANANA,BANANA/130_100.jpg
BANANA,BANANA/131_100.jpg
BANANA,BANANA/132_100.jpg
BANANA,BANANA/133_100.jpg
BANANA,BANANA/134_100.jpg
BANANA,BANANA/135_100.jpg
BANANA,BANANA/136_100.jpg
BANANA,BANANA/137_100.jpg
BANANA,BANANA/138_100.jpg
BANANA,BANANA/139_100.jpg
BANANA,BANANA/140_100.jpg
BANANA,BANANA/141_100.jpg
BANANA,BANANA/142_100.jpg
BANANA,BANANA/143_100.jpg
BANANA,BANANA/144_100.jpg
BANANA,BANANA/145_100.jpg
BANANA,BANANA/146_100.jpg
BANANA,BANANA/147_100.jpg
BANANA,BANANA/148_100.jpg
BANANA,BANANA/149_100.jpg
BANANA,BANANA/150_100.jpg
BANANA,BANANA/151_100.jpg
BANANA,BANANA/152_100.jpg
BANANA,BANANA/153_100.jpg
BANANA,BANANA/154_100.jpg
BANANA,BANANA/155_100.jpg
BANANA,BANANA/156_100.jpg
BANANA,BANANA/157_100.jpg
BANANA,BANANA/170_100.jpg
BANANA,BANANA/171_100.jpg
BANANA,BANANA/172_100.jpg
BANANA,BANANA/173_100.jpg
BANANA,BANANA/174_100.jpg
BANANA,BANANA/175_100.jpg
BANANA,BANANA/176_100.jpg
BANANA,BANANA/177_100.jpg
BANANA,BANANA/178_100.jpg
BANANA,BANANA/179_100.jpg
BANANA,BANANA/180_100.jpg
BANANA,BANANA/181_100.jpg
BANANA,BANANA/182_100.jpg
BANANA,BANANA/183_100.jpg
BANANA,BANANA/184_100.jpg
BANANA,BANANA/185_100.jpg
BANANA,BANANA/186_100.jpg
BANANA,BANANA/187_100.jpg
BANANA,BANANA/188_100.jpg
BANANA,BANANA/189_100.jpg
BANANA,BANANA/190_100.jpg
BANANA,BANANA/191_100.jpg
BANANA,BANANA/192_100.jpg
BANANA,BANANA/193_100.jpg
BANANA,BANANA/194_100.jpg
BANANA,BANANA/195_100.jpg
BANANA,BANANA/196_100.jpg
BANANA,BANANA/197_100.jpg
BANANA,BANANA/198_100.jpg
BANANA,BANANA/199_100.jpg
BANANA,BANANA/1_100.jpg
BANANA,BANANA/200_100.jpg
BANANA,BANANA/201_100.jpg
BANANA,BANANA/202_100.jpg
BANANA,BANANA/203_100.jpg
BANANA,BANANA/204_100.jpg
BANANA,BANANA/205_100.jpg
BANANA,BANANA/206_100.jpg
BANANA,BANANA/207_100.jpg
BANANA,BANANA/208_100.jpg
BANANA,BANANA/209_100.jpg
BANANA,BANANA/210_100.jpg
BANANA,BANANA/211_100.jpg
BANANA,BANANA/212_100.jpg
BANANA,BANANA/213_100.jpg
BANANA,BANANA/214_100.jpg
BANANA,BANANA/215_100.jpg
BANANA,BANANA/216_100.jpg
BANANA,BANANA/217_100.jpg
BANANA,BANANA/218_100.jpg
BANANA,BANANA/219_100.jpg
BANANA,BANANA/220_100.jpg
BANANA,BANANA/221_100.jpg
BANANA,BANANA/222_100.jpg
BANANA,BANANA/223_100.jpg
BANANA,BANANA/224_100.jpg
BANANA,BANANA/225_100.jpg
BANANA,BANANA/226_100.jpg
BANANA,BANANA/227_100.jpg
BANANA,BANANA/228_100.jpg
BANANA,BANANA/229_100.jpg
BANANA,BANANA/230_100.jpg
BANANA,BANANA/231_100.jpg
BANANA,BANANA/232_100.jpg
BANANA,BANANA/233_100.jpg
BANANA,BANANA/234_100.jpg
BANANA,BANANA/235_100.jpg
BANANA,BANANA/236_100.jpg
BANANA,BANANA/237_100.jpg
BANANA,BANANA/238_100.jpg
BANANA,BANANA/239_100.jpg
BANANA,BANANA/240_100.jpg
BANANA,BANANA/241_100.jpg
BANANA,BANANA/242_100.jpg
BANANA,BANANA/243_100.jpg
BANANA,BANANA/244_100.jpg
BANANA,BANANA/245_100.jpg
BANANA,BANANA/246_100.jpg
BANANA,BANANA/247_100.jpg
BANANA,BANANA/248_100.jpg
BANANA,BANANA/249_100.jpg
BANANA,BANANA/250_100.jpg
BANANA,BANANA/251_100.jpg
BANANA,BANANA/252_100.jpg
BANANA,BANANA/253_100.jpg
BANANA,BANANA/254_100.jpg
BANANA,BANANA/255_100.jpg
BANANA,BANANA/256_100.jpg
BANANA,BANANA/257_100.jpg
BANANA,BANANA/258_100.jpg
BANANA,BANANA/259_100.jpg
BANANA,BANANA/260_100.jpg
BANANA,BANANA/261_100.jpg
BANANA,BANANA/262_100.jpg
BANANA,BANANA/263_100.jpg
BANANA,BANANA/264_100.jpg
BANANA,BANANA/265_100.jpg
BANANA,BANANA/266_100.jpg
BANANA,BANANA/267_100.jpg
BANANA,BANANA/268_100.jpg
BANANA,BANANA/269_100.jpg
BANANA,BANANA/270_100.jpg
BANANA,BANANA/271_100.jpg
BANANA,BANANA/272_100.jpg
BANANA,BANANA/273_100.jpg
BANANA,BANANA/274_100.jpg
BANANA,BANANA/275_100.jpg
BANANA,BANANA/276_100.jpg
BANANA,BANANA/277_100.jpg
BANANA,BANANA/278_100.jpg
BANANA,BANANA/279_100.jpg
BANANA,BANANA/280_100.jpg
BANANA,BANANA/281_100.jpg
BANANA,BANANA/282_100.jpg
BANANA,BANANA/283_100.jpg
BANANA,BANANA/284_100.jpg
BANANA,BANANA/285_100.jpg
BANANA,BANANA/286_100.jpg
BANANA,BANANA/287_100.jpg
BANANA,BANANA/288_100.jpg
BANANA,BANANA/289_100.jpg
BANANA,BANANA/290_100.jpg
BANANA,BANANA/291_100.jpg
BANANA,BANANA/292_100.jpg
BANANA,BANANA/293_100.jpg
BANANA,BANANA/2_100.jpg
BANANA,BANANA/323_100.jpg
BANANA,BANANA/324_100.jpg
BANANA,BANANA/325_100.jpg
BANANA,BANANA/326_100.jpg
BANANA,BANANA/327_100.jpg
BANANA,BANANA/35_100.jpg
BANANA,BANANA/37_100.jpg
BANANA,BANANA/38_100.jpg
BANANA,BANANA/39_100.jpg
BANANA,BANANA/3_100.jpg
BANANA,BANANA/40_100.jpg
BANANA,BANANA/41_100.jpg
BANANA,BANANA/42_100.jpg
BANANA,BANANA/43_100.jpg
BANANA,BANANA/44_100.jpg
BANANA,BANANA/45_100.jpg
BANANA,BANANA/46_100.jpg
BANANA,BANANA/47_100.jpg
BANANA,BANANA/48_100.jpg
BANANA,BANANA/49_100.jpg
BANANA,BANANA/4_100.jpg
BANANA,BANANA/50_100.jpg
BANANA,BANANA/51_100.jpg
BANANA,BANANA/52_100.jpg
BANANA,BANANA/53_100.jpg
BANANA,BANANA/54_100.jpg
BANANA,BANANA/55_100.jpg
BANANA,BANANA/56_100.jpg
BANANA,BANANA/57_100.jpg
BANANA,BANANA/58_100.jpg
BANANA,BANANA/59_100.jpg
BANANA,BANANA/5_100.jpg
BANANA,BANANA/60_100.jpg
BANANA,BANANA/61_100.jpg
BANANA,BANANA/62_100.jpg
BANANA,BANANA/63_100.jpg
BANANA,BANANA/64_100.jpg
BANANA,BANANA/65_100.jpg
BANANA,BANANA/66_100.jpg
BANANA,BANANA/67_100.jpg
BANANA,BANANA/68_100.jpg
BANANA,BANANA/69_100.jpg
BANANA,BANANA/6_100.jpg
BANANA,BANANA/70_100.jpg
BANANA,BANANA/71_100.jpg
BANANA,BANANA/72_100.jpg
BANANA,BANANA/73_100.jpg
BANANA,BANANA/74_100.jpg
BANANA,BANANA/75_100.jpg
BANANA,BANANA/76_100.jpg
BANANA,BANANA/77_100.jpg
BANANA,BANANA/78_100.jpg
BANANA,BANANA/79_100.jpg
BANANA,BANANA/7_100.jpg
BANANA,BANANA/80_100.jpg
BANANA,BANANA/81_100.jpg
BANANA,BANANA/82_100.jpg
BANANA,BANANA/83_100.jpg
BANANA,BANANA/84_100.jpg
BANANA,BANANA/85_100.jpg
BANANA,BANANA/88_100.jpg
BANANA,BANANA/89_100.jpg
BANANA,BANANA/8_100.jpg
BANANA,BANANA/90_100.jpg
BANANA,BANANA/91_100.jpg
BANANA,BANANA/92_100.jpg
BANANA,BANANA/93_100.jpg
BANANA,BANANA/94_100.jpg
BANANA,BANANA/95_100.jpg
BANANA,BANANA/96_100.jpg
BANANA,BANANA/97_100.jpg
BANANA,BANANA/9_100.jpg
BANANA,BANANA/r_0_100.jpg
BANANA,BANANA/r_100_100.jpg
BANANA,BANANA/r_10_100.jpg
BANANA,BANANA/r_11_100.jpg
BANANA,BANANA/r_13_100.jpg
BANANA,BANANA/r_146_100.jpg
BANANA,BANANA/r_147_100.jpg
BANANA,BANANA/r_148_100.jpg
BANANA,BANANA/r_149_100.jpg
BANANA,BANANA/r_150_100.jpg
BANANA,BANANA/r_151_100.jpg
BANANA,BANANA/r_152_100.jpg
BANANA,BANANA/r_153_100.jpg
BANANA,BANANA/r_154_100.jpg
BANANA,BANANA/r_155_100.jpg
BANANA,BANANA/r_156_100.jpg
BANANA,BANANA/r_157_100.jpg
BANANA,BANANA/r_158_100.jpg
BANANA,BANANA/r_159_100.jpg
BANANA,BANANA/r_160_100.jpg
BANANA,BANANA/r_161_100.jpg
BANANA,BANANA/r_162_100.jpg
BANANA,BANANA/r_163_100.jpg
BANANA,BANANA/r_164_100.jpg
BANANA,BANANA/r_165_100.jpg
BANANA,BANANA/r_166_100.jpg
BANANA,BANANA/r_167_100.jpg
BANANA,BANANA/r_168_100.jpg
BANANA,BANANA/r_169_100.jpg
BANANA,BANANA/r_170_100.jpg
BANANA,BANANA/r_171_100.jpg
BANANA,BANANA/r_172_100.jpg
BANANA,BANANA/r_173_100.jpg
BANANA,BANANA/r_174_100.jpg
BANANA,BANANA/r_175_100.jpg
BANANA,BANANA/r_176_100.jpg
BANANA,BANANA/r_177_100.jpg
BANANA,BANANA/r_178_100.jpg
BANANA,BANANA/r_179_100.jpg
BANANA,BANANA/r_17_100.jpg
BANANA,BANANA/r_180_100.jpg
BANANA,BANANA/r_181_100.jpg
BANANA,BANANA/r_182_100.jpg
BANANA,BANANA/r_183_100.jpg
BANANA,BANANA/r_184_100.jpg
BANANA,BANANA/r_185_100.jpg
BANANA,BANANA/r_186_100.jpg
BANANA,BANANA/r_187_100.jpg
BANANA,BANANA/r_188_100.jpg
BANANA,BANANA/r_189_100.jpg
BANANA,BANANA/r_190_100.jpg
BANANA,BANANA/r_191_100.jpg
BANANA,BANANA/r_192_100.jpg
BANANA,BANANA/r_193_100.jpg
BANANA,BANANA/r_194_100.jpg
BANANA,BANANA/r_195_100.jpg
BANANA,BANANA/r_196_100.jpg
BANANA,BANANA/r_197_100.jpg
BANANA,BANANA/r_198_100.jpg
BANANA,BANANA/r_199_100.jpg
BANANA,BANANA/r_1_100.jpg
BANANA,BANANA/r_200_100.jpg
BANANA,BANANA/r_201_100.jpg
BANANA,BANANA/r_202_100.jpg
BANANA,BANANA/r_203_100.jpg
BANANA,BANANA/r_204_100.jpg
BANANA,BANANA/r_205_100.jpg
BANANA,BANANA/r_206_100.jpg
BANANA,BANANA/r_208_100.jpg
BANANA,BANANA/r_209_100.jpg
BANANA,BANANA/r_20_100.jpg
BANANA,BANANA/r_210_100.jpg
BANANA,BANANA/r_211_100.jpg
BANANA,BANANA/r_212_100.jpg
BANANA,BANANA/r_214_100.jpg
BANANA,BANANA/r_217_100.jpg
BANANA,BANANA/r_218_100.jpg
BANANA,BANANA/r_219_100.jpg
BANANA,BANANA/r_21_100.jpg
BANANA,BANANA/r_220_100.jpg
BANANA,BANANA/r_221_100.jpg
BANANA,BANANA/r_222_100.jpg
BANANA,BANANA/r_224_100.jpg
BANANA,BANANA/r_225_100.jpg
BANANA,BANANA/r_22_100.jpg
BANANA,BANANA/r_247_100.jpg
BANANA,BANANA/r_248_100.jpg
BANANA,BANANA/r_249_100.jpg
BANANA,BANANA/r_250_100.jpg
BANANA,BANANA/r_251_100.jpg
BANANA,BANANA/r_252_100.jpg
BANANA,BANANA/r_253_100.jpg
BANANA,BANANA/r_254_100.jpg
BANANA,BANANA/r_255_100.jpg
BANANA,BANANA/r_256_100.jpg
BANANA,BANANA/r_257_100.jpg
BANANA,BANANA/r_258_100.jpg
BANANA,BANANA/r_259_100.jpg
BANANA,BANANA/r_260_100.jpg
BANANA,BANANA/r_261_100.jpg
BANANA,BANANA/r_262_100.jpg
BANANA,BANANA/r_263_100.jpg
BANANA,BANANA/r_264_100.jpg
BANANA,BANANA/r_265_100.jpg
BANANA,BANANA/r_266_100.jpg
BANANA,BANANA/r_267_100.jpg
BANANA,BANANA/r_268_100.jpg
BANANA,BANANA/r_269_100.jpg
BANANA,BANANA/r_26_100.jpg
BANANA,BANANA/r_270_100.jpg
BANANA,BANANA/r_271_100.jpg
BANANA,BANANA/r_272_100.jpg
BANANA,BANANA/r_273_100.jpg
BANANA,BANANA/r_274_100.jpg
BANANA,BANANA/r_275_100.jpg
BANANA,BANANA/r_276_100.jpg
BANANA,BANANA/r_277_100.jpg
BANANA,BANANA/r_278_100.jpg
BANANA,BANANA/r_279_100.jpg
BANANA,BANANA/r_27_100.jpg
BANANA,BANANA/r_280_100.jpg
BANANA,BANANA/r_281_100.jpg
BANANA,BANANA/r_282_100.jpg
BANANA,BANANA/r_283_100.jpg
BANANA,BANANA/r_284_100.jpg
BANANA,BANANA/r_285_100.jpg
BANANA,BANANA/r_286_100.jpg
BANANA,BANANA/r_287_100.jpg
BANANA,BANANA/r_288_100.jpg
BANANA,BANANA/r_289_100.jpg
BANANA,BANANA/r_290_100.jpg
BANANA,BANANA/r_291_100.jpg
BANANA,BANANA/r_292_100.jpg
BANANA,BANANA/r_293_100.jpg
BANANA,BANANA/r_294_100.jpg
BANANA,BANANA/r_295_100.jpg
BANANA,BANANA/r_296_100.jpg
BANANA,BANANA/r_297_100.jpg
BANANA,BANANA/r_298_100.jpg
BANANA,BANANA/r_299_100.jpg
BANANA,BANANA/r_2_100.jpg
BANANA,BANANA/r_300_100.jpg
BANANA,BANANA/r_301_100.jpg
BANANA,BANANA/r_302_100.jpg
BANANA,BANANA/r_303_100.jpg
BANANA,BANANA/r_304_100.jpg
BANANA,BANANA/r_305_100.jpg
BANANA,BANANA/r_306_100.jpg
BANANA,BANANA/r_307_100.jpg
BANANA,BANANA/r_308_100.jpg
BANANA,BANANA/r_309_100.jpg
BANANA,BANANA/r_310_100.jpg
BANANA,BANANA/r_311_100.jpg
BANANA,BANANA/r_312_100.jpg
BANANA,BANANA/r_313_100.jpg
BANANA,BANANA/r_314_100.jpg
BANANA,BANANA/r_315_100.jpg
BANANA,BANANA/r_318_100.jpg
BANANA,BANANA/r_322_100.jpg
BANANA,BANANA/r_323_100.jpg
BANANA,BANANA/r_324_100.jpg
BANANA,BANANA/r_3_100.jpg
BANANA,BANANA/r_4_100.jpg
BANANA,BANANA/r_53_100.jpg
BANANA,BANANA/r_55_100.jpg
BANANA,BANANA/r_58_100.jpg
BANANA,BANANA/r_5_100.jpg
BANANA,BANANA/r_62_100.jpg
BANANA,BANANA/r_64_100.jpg
BANANA,BANANA/r_65_100.jpg
BANANA,BANANA/r_6_100.jpg
BANANA,BANANA/r_74_100.jpg
BANANA,BANANA/r_75_100.jpg
BANANA,BANANA/r_76_100.jpg
BANANA,BANANA/r_77_100.jpg
BANANA,BANANA/r_78_100.jpg
BANANA,BANANA/r_79_100.jpg
BANANA,BANANA/r_7_100.jpg
BANANA,BANANA/r_80_100.jpg
BANANA,BANANA/r_81_100.jpg
BANANA,BANANA/r_82_100.jpg
BANANA,BANANA/r_83_100.jpg
BANANA,BANANA/r_84_100.jpg
BANANA,BANANA/r_85_100.jpg
BANANA,BANANA/r_86_100.jpg
BANANA,BANANA/r_87_100.jpg
BANANA,BANANA/r_88_100.jpg
BANANA,BANANA/r_89_100.jpg
BANANA,BANANA/r_8_100.jpg
BANANA,BANANA/r_90_100.jpg
BANANA,BANANA/r_91_100.jpg
BANANA,BANANA/r_92_100.jpg
BANANA,BANANA/r_93_100.jpg
BANANA,BANANA/r_94_100.jpg
BANANA,BANANA/r_95_100.jpg
BANANA,BANANA/r_96_100.jpg
BANANA,BANANA/r_97_100.jpg
BANANA,BANANA/r_98_100.jpg
BANANA,BANANA/r_99_100.jpg
BANANA,BANANA/r_9_100.jpg
ORANGE,ORANGE/0_100.jpg
ORANGE,ORANGE/100_100.jpg
ORANGE,ORANGE/101_100.jpg
ORANGE,ORANGE/102_100.jpg
ORANGE,ORANGE/103_100.jpg
ORANGE,ORANGE/104_100.jpg
ORANGE,ORANGE/105_100.jpg
ORANGE,ORANGE/106_100.jpg
ORANGE,ORANGE/107_100.jpg
ORANGE,ORANGE/108_100.jpg
ORANGE,ORANGE/109_100.jpg
ORANGE,ORANGE/10_100.jpg
ORANGE,ORANGE/110_100.jpg
ORANGE,ORANGE/111_100.jpg
ORANGE,ORANGE/112_100.jpg
ORANGE,ORANGE/113_100.jpg
ORANGE,ORANGE/114_100.jpg
ORANGE,ORANGE/115_100.jpg
ORANGE,ORANGE/116_100.jpg
ORANGE,ORANGE/117_100.jpg
ORANGE,ORANGE/118_100.jpg
ORANGE,ORANGE/119_100.jpg
ORANGE,ORANGE/11_100.jpg
ORANGE,ORANGE/120_100.jpg
ORANGE,ORANGE/121_100.jpg
ORANGE,ORANGE/122_100.jpg
ORANGE,ORANGE/123_100.jpg
ORANGE,ORANGE/124_100.jpg
ORANGE,ORANGE/125_100.jpg
ORANGE,ORANGE/126_100.jpg
ORANGE,ORANGE/127_100.jpg
ORANGE,ORANGE/128_100.jpg
ORANGE,ORANGE/129_100.jpg
ORANGE,ORANGE/12_100.jpg
ORANGE,ORANGE/130_100.jpg
ORANGE,ORANGE/131_100.jpg
ORANGE,ORANGE/132_100.jpg
ORANGE,ORANGE/133_100.jpg
ORANGE,ORANGE/134_100.jpg
ORANGE,ORANGE/135_100.jpg
ORANGE,ORANGE/136_100.jpg
ORANGE,ORANGE/137_100.jpg
ORANGE,ORANGE/138_100.jpg
ORANGE,ORANGE/139_100.jpg
ORANGE,ORANGE/13_100.jpg
ORANGE,ORANGE/140_100.jpg
ORANGE,ORANGE/141_100.jpg
ORANGE,ORANGE/142_100.jpg
ORANGE,ORANGE/143_100.jpg
ORANGE,ORANGE/144_100.jpg
ORANGE,ORANGE/145_100.jpg
ORANGE,ORANGE/146_100.jpg
ORANGE,ORANGE/147_100.jpg
ORANGE,ORANGE/148_100.jpg
ORANGE,ORANGE/149_100.jpg
ORANGE,ORANGE/14_100.jpg
ORANGE,ORANGE/150_100.jpg
ORANGE,ORANGE/151_100.jpg
ORANGE,ORANGE/152_100.jpg
ORANGE,ORANGE/153_100.jpg
ORANGE,ORANGE/154_100.jpg
ORANGE,ORANGE/155_100.jpg
ORANGE,ORANGE/156_100.jpg
ORANGE,ORANGE/157_100.jpg
ORANGE,ORANGE/158_100.jpg
ORANGE,ORANGE/159_100.jpg
ORANGE,ORANGE/15_100.jpg
ORANGE,ORANGE/160_100.jpg
ORANGE,ORANGE/161_100.jpg
ORANGE,ORANGE/162_100.jpg
ORANGE,ORANGE/163_100.jpg
ORANGE,ORANGE/164_100.jpg
ORANGE,ORANGE/165_100.jpg
ORANGE,ORANGE/166_100.jpg
ORANGE,ORANGE/167_100.jpg
ORANGE,ORANGE/168_100.jpg
ORANGE,ORANGE/169_100.jpg
ORANGE,ORANGE/16_100.jpg
ORANGE,ORANGE/170_100.jpg
ORANGE,ORANGE/171_100.jpg
ORANGE,ORANGE/172_100.jpg
ORANGE,ORANGE/173_100.jpg
ORANGE,ORANGE/174_100.jpg
ORANGE,ORANGE/175_100.jpg
ORANGE,ORANGE/176_100.jpg
ORANGE,ORANGE/177_100.jpg
ORANGE,ORANGE/178_100.jpg
ORANGE,ORANGE/179_100.jpg
ORANGE,ORANGE/17_100.jpg
ORANGE,ORANGE/180_100.jpg
ORANGE,ORANGE/181_100.jpg
ORANGE,ORANGE/182_100.jpg
ORANGE,ORANGE/183_100.jpg
ORANGE,ORANGE/184_100.jpg
ORANGE,ORANGE/185_100.jpg
ORANGE,ORANGE/186_100.jpg
ORANGE,ORANGE/187_100.jpg
ORANGE,ORANGE/188_100.jpg
ORANGE,ORANGE/189_100.jpg
ORANGE,ORANGE/18_100.jpg
ORANGE,ORANGE/190_100.jpg
ORANGE,ORANGE/191_100.jpg
ORANGE,ORANGE/192_100.jpg
ORANGE,ORANGE/193_100.jpg
ORANGE,ORANGE/194_100.jpg
ORANGE,ORANGE/195_100.jpg
ORANGE,ORANGE/196_100.jpg
ORANGE,ORANGE/197_100.jpg
ORANGE,ORANGE/198_100.jpg
ORANGE,ORANGE/199_100.jpg
ORANGE,ORANGE/19_100.jpg
ORANGE,ORANGE/1_100.jpg
ORANGE,ORANGE/200_100.jpg
ORANGE,ORANGE/201_100.jpg
ORANGE,ORANGE/202_100.jpg
ORANGE,ORANGE/203_100.jpg
ORANGE,ORANGE/204_100.jpg
ORANGE,ORANGE/205_100.jpg
ORANGE,ORANGE/206_100.jpg
ORANGE,ORANGE/207_100.jpg
ORANGE,ORANGE/208_100.jpg
ORANGE,ORANGE/209_100.jpg
ORANGE,ORANGE/20_100.jpg
ORANGE,ORANGE/210_100.jpg
ORANGE,ORANGE/211_100.jpg
ORANGE,ORANGE/212_100.jpg
ORANGE,ORANGE/213_100.jpg
ORANGE,ORANGE/214_100.jpg
ORANGE,ORANGE/215_100.jpg
ORANGE,ORANGE/216_100.jpg
ORANGE,ORANGE/217_100.jpg
ORANGE,ORANGE/218_100.jpg
ORANGE,ORANGE/219_100.jpg
ORANGE,ORANGE/21_100.jpg
ORANGE,ORANGE/220_100.jpg
ORANGE,ORANGE/221_100.jpg
ORANGE,ORANGE/222_100.jpg
ORANGE,ORANGE/223_100.jpg
ORANGE,ORANGE/224_100.jpg
ORANGE,ORANGE/225_100.jpg
ORANGE,ORANGE/226_100.jpg
ORANGE,ORANGE/227_100.jpg
ORANGE,ORANGE/228_100.jpg
ORANGE,ORANGE/229_100.jpg
ORANGE,ORANGE/22_100.jpg
ORANGE,ORANGE/230_100.jpg
ORANGE,ORANGE/231_100.jpg
ORANGE,ORANGE/232_100.jpg
ORANGE,ORANGE/233_100.jpg
ORANGE,ORANGE/234_100.jpg
ORANGE,ORANGE/235_100.jpg
ORANGE,ORANGE/236_100.jpg
ORANGE,ORANGE/237_100.jpg
ORANGE,ORANGE/238_100.jpg
ORANGE,ORANGE/239_100.jpg
ORANGE,ORANGE/23_100.jpg
ORANGE,ORANGE/240_100.jpg
ORANGE,ORANGE/241_100.jpg
ORANGE,ORANGE/242_100.jpg
ORANGE,ORANGE/243_100.jpg
ORANGE,ORANGE/244_100.jpg
ORANGE,ORANGE/245_100.jpg
ORANGE,ORANGE/246_100.jpg
ORANGE,ORANGE/247_100.jpg
ORANGE,ORANGE/248_100.jpg
ORANGE,ORANGE/249_100.jpg
ORANGE,ORANGE/24_100.jpg
ORANGE,ORANGE/250_100.jpg
ORANGE,ORANGE/251_100.jpg
ORANGE,ORANGE/252_100.jpg
ORANGE,ORANGE/253_100.jpg
ORANGE,ORANGE/254_100.jpg
ORANGE,ORANGE/255_100.jpg
ORANGE,ORANGE/256_100.jpg
ORANGE,ORANGE/257_100.jpg
ORANGE,ORANGE/258_100.jpg
ORANGE,ORANGE/259_100.jpg
ORANGE,ORANGE/25_100.jpg
ORANGE,ORANGE/260_100.jpg
ORANGE,ORANGE/261_100.jpg
ORANGE,ORANGE/262_100.jpg
ORANGE,ORANGE/263_100.jpg
ORANGE,ORANGE/264_100.jpg
ORANGE,ORANGE/265_100.jpg
ORANGE,ORANGE/266_100.jpg
ORANGE,ORANGE/267_100.jpg
ORANGE,ORANGE/268_100.jpg
ORANGE,ORANGE/269_100.jpg
ORANGE,ORANGE/26_100.jpg
ORANGE,ORANGE/270_100.jpg
ORANGE,ORANGE/271_100.jpg
ORANGE,ORANGE/272_100.jpg
ORANGE,ORANGE/273_100.jpg
ORANGE,ORANGE/274_100.jpg
ORANGE,ORANGE/275_100.jpg
ORANGE,ORANGE/276_100.jpg
ORANGE,ORANGE/277_100.jpg
ORANGE,ORANGE/278_100.jpg
ORANGE,ORANGE/279_100.jpg
ORANGE,ORANGE/27_100.jpg
ORANGE,ORANGE/280_100.jpg
ORANGE,ORANGE/281_100.jpg
ORANGE,ORANGE/282_100.jpg
ORANGE,ORANGE/283_100.jpg
ORANGE,ORANGE/284_100.jpg
ORANGE,ORANGE/285_100.jpg
ORANGE,ORANGE/286_100.jpg
ORANGE,ORANGE/287_100.jpg
ORANGE,ORANGE/288_100.jpg
ORANGE,ORANGE/289_100.jpg
ORANGE,ORANGE/28_100.jpg
ORANGE,ORANGE/290_100.jpg
ORANGE,ORANGE/291_100.jpg
ORANGE,ORANGE/292_100.jpg
ORANGE,ORANGE/293_100.jpg
ORANGE,ORANGE/294_100.jpg
ORANGE,ORANGE/295_100.jpg
ORANGE,ORANGE/296_100.jpg
ORANGE,ORANGE/297_100.jpg
ORANGE,ORANGE/298_100.jpg
ORANGE,ORANGE/299_100.jpg
ORANGE,ORANGE/29_100.jpg
ORANGE,ORANGE/2_100.jpg
ORANGE,ORANGE/300_100.jpg
ORANGE,ORANGE/301_100.jpg
ORANGE,ORANGE/302_100.jpg
ORANGE,ORANGE/303_100.jpg
ORANGE,ORANGE/304_100.jpg
ORANGE,ORANGE/305_100.jpg
ORANGE,ORANGE/306_100.jpg
ORANGE,ORANGE/307_100.jpg
ORANGE,ORANGE/308_100.jpg
ORANGE,ORANGE/309_100.jpg
ORANGE,ORANGE/r_0_100.jpg
ORANGE,ORANGE/r_100_100.jpg
ORANGE,ORANGE/r_101_100.jpg
ORANGE,ORANGE/r_102_100.jpg
ORANGE,ORANGE/r_103_100.jpg
ORANGE,ORANGE/r_104_100.jpg
ORANGE,ORANGE/r_105_100.jpg
ORANGE,ORANGE/r_106_100.jpg
ORANGE,ORANGE/r_107_100.jpg
ORANGE,ORANGE/r_108_100.jpg
ORANGE,ORANGE/r_109_100.jpg
ORANGE,ORANGE/r_10_100.jpg
ORANGE,ORANGE/r_110_100.jpg
ORANGE,ORANGE/r_111_100.jpg
ORANGE,ORANGE/r_112_100.jpg
ORANGE,ORANGE/r_113_100.jpg
ORANGE,ORANGE/r_114_100.jpg
ORANGE,ORANGE/r_115_100.jpg
ORANGE,ORANGE/r_116_100.jpg
ORANGE,ORANGE/r_117_100.jpg
ORANGE,ORANGE/r_118_100.jpg
ORANGE,ORANGE/r_119_100.jpg
ORANGE,ORANGE/r_11_100.jpg
ORANGE,ORANGE/r_120_100.jpg
ORANGE,ORANGE/r_121_100.jpg
ORANGE,ORANGE/r_122_100.jpg
ORANGE,ORANGE/r_123_100.jpg
ORANGE,ORANGE/r_124_100.jpg
ORANGE,ORANGE/r_125_100.jpg
ORANGE,ORANGE/r_126_100.jpg
ORANGE,ORANGE/r_127_100.jpg
ORANGE,ORANGE/r_128_100.jpg
ORANGE,ORANGE/r_129_100.jpg
ORANGE,ORANGE/r_12_100.jpg
ORANGE,ORANGE/r_130_100.jpg
ORANGE,ORANGE/r_131_100.jpg
ORANGE,ORANGE/r_132_100.jpg
ORANGE,ORANGE/r_133_100.jpg
ORANGE,ORANGE/r_134_100.jpg
ORANGE,ORANGE/r_135_100.jpg
ORANGE,ORANGE/r_136_100.jpg
ORANGE,ORANGE/r_137_100.jpg
ORANGE,ORANGE/r_138_100.jpg
ORANGE,ORANGE/r_139_100.jpg
ORANGE,ORANGE/r_13_100.jpg
ORANGE,ORANGE/r_140_100.jpg
ORANGE,ORANGE/r_141_100.jpg
ORANGE,ORANGE/r_142_100.jpg
ORANGE,ORANGE/r_143_100.jpg
ORANGE,ORANGE/r_144_100.jpg
ORANGE,ORANGE/r_145_100.jpg
ORANGE,ORANGE/r_146_100.jpg
ORANGE,ORANGE/r_147_100.jpg
ORANGE,ORANGE/r_148_100.jpg
ORANGE,ORANGE/r_149_100.jpg
ORANGE,ORANGE/r_14_100.jpg
ORANGE,ORANGE/r_150_100.jpg
ORANGE,ORANGE/r_151_100.jpg
ORANGE,ORANGE/r_152_100.jpg
ORANGE,ORANGE/r_153_100.jpg
ORANGE,ORANGE/r_154_100.jpg
ORANGE,ORANGE/r_155_100.jpg
ORANGE,ORANGE/r_156_100.jpg
ORANGE,ORANGE/r_157_100.jpg
ORANGE,ORANGE/r_158_100.jpg
ORANGE,ORANGE/r_159_100.jpg
ORANGE,ORANGE/r_15_100.jpg
ORANGE,ORANGE/r_160_100.jpg
ORANGE,ORANGE/r_161_100.jpg
ORANGE,ORANGE/r_162_100.jpg
ORANGE,ORANGE/r_163_100.jpg
ORANGE,ORANGE/r_164_100.jpg
ORANGE,ORANGE/r_165_100.jpg
ORANGE,ORANGE/r_166_100.jpg
ORANGE,ORANGE/r_167_100.jpg
ORANGE,ORANGE/r_168_100.jpg
ORANGE,ORANGE/r_169_100.jpg
ORANGE,ORANGE/r_16_100.jpg
ORANGE,ORANGE/r_170_100.jpg
ORANGE,ORANGE/r_171_100.jpg
ORANGE,ORANGE/r_172_100.jpg
ORANGE,ORANGE/r_173_100.jpg
ORANGE,ORANGE/r_174_100.jpg
ORANGE,ORANGE/r_175_100.jpg
ORANGE,ORANGE/r_176_100.jpg
ORANGE,ORANGE/r_177_100.jpg
ORANGE,ORANGE/r_178_100.jpg
ORANGE,ORANGE/r_179_100.jpg
ORANGE,ORANGE/r_17_100.jpg
ORANGE,ORANGE/r_180_100.jpg
ORANGE,ORANGE/r_181_100.jpg
ORANGE,ORANGE/r_182_100.jpg
ORANGE,ORANGE/r_183_100.jpg
ORANGE,ORANGE/r_184_100.jpg
ORANGE,ORANGE/r_185_100.jpg
ORANGE,ORANGE/r_186_100.jpg
ORANGE,ORANGE/r_187_100.jpg
ORANGE,ORANGE/r_188_100.jpg
ORANGE,ORANGE/r_189_100.jpg
ORANGE,ORANGE/r_18_100.jpg
ORANGE,ORANGE/r_190_100.jpg
ORANGE,ORANGE/r_191_100.jpg
ORANGE,ORANGE/r_192_100.jpg
ORANGE,ORANGE/r_193_100.jpg
ORANGE,ORANGE/r_194_100.jpg
ORANGE,ORANGE/r_195_100.jpg
ORANGE,ORANGE/r_196_100.jpg
ORANGE,ORANGE/r_197_100.jpg
ORANGE,ORANGE/r_198_100.jpg
ORANGE,ORANGE/r_199_100.jpg
ORANGE,ORANGE/r_19_100.jpg
ORANGE,ORANGE/r_1_100.jpg
ORANGE,ORANGE/r_200_100.jpg
ORANGE,ORANGE/r_201_100.jpg
ORANGE,ORANGE/r_202_100.jpg
ORANGE,ORANGE/r_203_100.jpg
ORANGE,ORANGE/r_204_100.jpg
ORANGE,ORANGE/r_205_100.jpg
ORANGE,ORANGE/r_206_100.jpg
ORANGE,ORANGE/r_207_100.jpg
ORANGE,ORANGE/r_208_100.jpg
ORANGE,ORANGE/r_209_100.jpg
ORANGE,ORANGE/r_20_100.jpg
ORANGE,ORANGE/r_210_100.jpg
ORANGE,ORANGE/r_211_100.jpg
ORANGE,ORANGE/r_212_100.jpg
ORANGE,ORANGE/r_213_100.jpg
ORANGE,ORANGE/r_214_100.jpg
ORANGE,ORANGE/r_215_100.jpg
ORANGE,ORANGE/r_216_100.jpg
ORANGE,ORANGE/r_217_100.jpg
ORANGE,ORANGE/r_218_100.jpg
ORANGE,ORANGE/r_219_100.jpg
ORANGE,ORANGE/r_21_100.jpg
ORANGE,ORANGE/r_220_100.jpg
ORANGE,ORANGE/r_221_100.jpg
ORANGE,ORANGE/r_222_100.jpg
ORANGE,ORANGE/r_223_100.jpg
ORANGE,ORANGE/r_224_100.jpg
ORANGE,ORANGE/r_225_100.jpg
ORANGE,ORANGE/r_226_100.jpg
ORANGE,ORANGE/r_227_100.jpg
ORANGE,ORANGE/r_228_100.jpg
ORANGE,ORANGE/r_229_100.jpg
ORANGE,ORANGE/r_22_100.jpg
ORANGE,ORANGE/r_230_100.jpg
ORANGE,ORANGE/r_231_100.jpg
ORANGE,ORANGE/r_232_100.jpg
ORANGE,ORANGE/r_233_100.jpg
ORANGE,ORANGE/r_234_100.jpg
ORANGE,ORANGE/r_235_100.jpg
ORANGE,ORANGE/r_236_100.jpg
ORANGE,ORANGE/r_237_100.jpg
ORANGE,ORANGE/r_238_100.jpg
ORANGE,ORANGE/r_239_100.jpg
ORANGE,ORANGE/r_23_100.jpg
ORANGE,ORANGE/r_240_100.jpg
ORANGE,ORANGE/r_241_100.jpg
ORANGE,ORANGE/r_242_100.jpg
ORANGE,ORANGE/r_243_100.jpg
ORANGE,ORANGE/r_244_100.jpg
ORANGE,ORANGE/r_245_100.jpg
ORANGE,ORANGE/r_246_100.jpg
ORANGE,ORANGE/r_247_100.jpg
ORANGE,ORANGE/r_248_100.jpg
ORANGE,ORANGE/r_249_100.jpg
ORANGE,ORANGE/r_24_100.jpg
ORANGE,ORANGE/r_250_100.jpg
ORANGE,ORANGE/r_251_100.jpg
ORANGE,ORANGE/r_252_100.jpg
ORANGE,ORANGE/r_253_100.jpg
ORANGE,ORANGE/r_254_100.jpg
ORANGE,ORANGE/r_255_100.jpg
ORANGE,ORANGE/r_256_100.jpg
ORANGE,ORANGE/r_257_100.jpg
ORANGE,ORANGE/r_258_100.jpg
ORANGE,ORANGE/r_259_100.jpg
ORANGE,ORANGE/r_25_100.jpg
ORANGE,ORANGE/r_260_100.jpg
ORANGE,ORANGE/r_261_100.jpg
ORANGE,ORANGE/r_262_100.jpg
ORANGE,ORANGE/r_263_100.jpg
ORANGE,ORANGE/r_264_100.jpg
ORANGE,ORANGE/r_265_100.jpg
ORANGE,ORANGE/r_266_100.jpg
ORANGE,ORANGE/r_267_100.jpg
ORANGE,ORANGE/r_268_100.jpg
ORANGE,ORANGE/r_269_100.jpg
ORANGE,ORANGE/r_26_100.jpg
ORANGE,ORANGE/r_270_100.jpg
ORANGE,ORANGE/r_271_100.jpg
ORANGE,ORANGE/r_272_100.jpg
ORANGE,ORANGE/r_273_100.jpg
ORANGE,ORANGE/r_274_100.jpg
ORANGE,ORANGE/r_275_100.jpg
ORANGE,ORANGE/r_276_100.jpg
ORANGE,ORANGE/r_277_100.jpg
ORANGE,ORANGE/r_278_100.jpg
ORANGE,ORANGE/r_279_100.jpg
ORANGE,ORANGE/r_27_100.jpg
ORANGE,ORANGE/r_280_100.jpg
ORANGE,ORANGE/r_281_100.jpg
ORANGE,ORANGE/r_282_100.jpg
ORANGE,ORANGE/r_283_100.jpg
ORANGE,ORANGE/r_284_100.jpg
ORANGE,ORANGE/r_285_100.jpg
ORANGE,ORANGE/r_286_100.jpg
ORANGE,ORANGE/r_287_100.jpg
ORANGE,ORANGE/r_288_100.jpg
ORANGE,ORANGE/r_289_100.jpg
ORANGE,ORANGE/r_28_100.jpg
ORANGE,ORANGE/r_290_100.jpg
ORANGE,ORANGE/r_291_100.jpg
ORANGE,ORANGE/r_292_100.jpg
ORANGE,ORANGE/r_293_100.jpg
ORANGE,ORANGE/r_294_100.jpg
ORANGE,ORANGE/r_295_100.jpg
ORANGE,ORANGE/r_296_100.jpg
ORANGE,ORANGE/r_297_100.jpg
ORANGE,ORANGE/r_298_100.jpg
ORANGE,ORANGE/r_299_100.jpg
ORANGE,ORANGE/r_29_100.jpg
ORANGE,ORANGE/r_2_100.jpg
ORANGE,ORANGE/r_300_100.jpg
ORANGE,ORANGE/r_301_100.jpg
ORANGE,ORANGE/r_302_100.jpg
ORANGE,ORANGE/r_303_100.jpg
ORANGE,ORANGE/r_304_100.jpg
ORANGE,ORANGE/r_305_100.jpg
ORANGE,ORANGE/r_306_100.jpg
ORANGE,ORANGE/r_307_100.jpg
ORANGE,ORANGE/r_308_100.jpg
ORANGE,ORANGE/r_309_100.jpg
ORANGE,ORANGE/r_30_100.jpg
ORANGE,ORANGE/r_310_100.jpg
ORANGE,ORANGE/r_311_100.jpg
ORANGE,ORANGE/r_312_100.jpg
ORANGE,ORANGE/r_313_100.jpg
ORANGE,ORANGE/r_314_100.jpg
ORANGE,ORANGE/r_315_100.jpg
ORANGE,ORANGE/r_316_100.jpg
ORANGE,ORANGE/r_317_100.jpg
ORANGE,ORANGE/r_318_100.jpg
ORANGE,ORANGE/r_319_100.jpg
ORANGE,ORANGE/r_31_100.jpg
ORANGE,ORANGE/r_320_100.jpg
PINEAPPLE,PINEAPPLE/0_100.jpg
PINEAPPLE,PINEAPPLE/100_100.jpg
PINEAPPLE,PINEAPPLE/101_100.jpg
PINEAPPLE,PINEAPPLE/102_100.jpg
PINEAPPLE,PINEAPPLE/103_100.jpg
PINEAPPLE,PINEAPPLE/104_100.jpg
PINEAPPLE,PINEAPPLE/105_100.jpg
PINEAPPLE,PINEAPPLE/106_100.jpg
PINEAPPLE,PINEAPPLE/107_100.jpg
PINEAPPLE,PINEAPPLE/108_100.jpg
PINEAPPLE,PINEAPPLE/109_100.jpg
PINEAPPLE,PINEAPPLE/10_100.jpg
PINEAPPLE,PINEAPPLE/110_100.jpg
PINEAPPLE,PINEAPPLE/111_100.jpg
PINEAPPLE,PINEAPPLE/112_100.jpg
PINEAPPLE,PINEAPPLE/113_100.jpg
PINEAPPLE,PINEAPPLE/114_100.jpg
PINEAPPLE,PINEAPPLE/115_100.jpg
PINEAPPLE,PINEAPPLE/116_100.jpg
PINEAPPLE,PINEAPPLE/117_100.jpg
PINEAPPLE,PINEAPPLE/118_100.jpg
PINEAPPLE,PINEAPPLE/119_100.jpg
PINEAPPLE,PINEAPPLE/11_100.jpg
PINEAPPLE,PINEAPPLE/120_100.jpg
PINEAPPLE,PINEAPPLE/121_100.jpg
PINEAPPLE,PINEAPPLE/122_100.jpg
PINEAPPLE,PINEAPPLE/123_100.jpg
PINEAPPLE,PINEAPPLE/124_100.jpg
PINEAPPLE,PINEAPPLE/125_100.jpg
PINEAPPLE,PINEAPPLE/126_100.jpg
PINEAPPLE,PINEAPPLE/127_100.jpg
PINEAPPLE,PINEAPPLE/128_100.jpg
PINEAPPLE,PINEAPPLE/129_100.jpg
PINEAPPLE,PINEAPPLE/12_100.jpg
PINEAPPLE,PINEAPPLE/130_100.jpg
PINEAPPLE,PINEAPPLE/131_100.jpg
PINEAPPLE,PINEAPPLE/132_100.jpg
PINEAPPLE,PINEAPPLE/133_100.jpg
PINEAPPLE,PINEAPPLE/134_100.jpg
PINEAPPLE,PINEAPPLE/135_100.jpg
PINEAPPLE,PINEAPPLE/136_100.jpg
PINEAPPLE,PINEAPPLE/137_100.jpg
PINEAPPLE,PINEAPPLE/138_100.jpg
PINEAPPLE,PINEAPPLE/139_100.jpg
PINEAPPLE,PINEAPPLE/13_100.jpg
PINEAPPLE,PINEAPPLE/140_100.jpg
PINEAPPLE,PINEAPPLE/141_100.jpg
PINEAPPLE,PINEAPPLE/142_100.jpg
PINEAPPLE,PINEAPPLE/143_100.jpg
PINEAPPLE,PINEAPPLE/144_100.jpg
PINEAPPLE,PINEAPPLE/145_100.jpg
PINEAPPLE,PINEAPPLE/146_100.jpg
PINEAPPLE,PINEAPPLE/147_100.jpg
PINEAPPLE,PINEAPPLE/148_100.jpg
PINEAPPLE,PINEAPPLE/149_100.jpg
PINEAPPLE,PINEAPPLE/14_100.jpg
PINEAPPLE,PINEAPPLE/150_100.jpg
PINEAPPLE,PINEAPPLE/151_100.jpg
PINEAPPLE,PINEAPPLE/152_100.jpg
PINEAPPLE,PINEAPPLE/153_100.jpg
PINEAPPLE,PINEAPPLE/154_100.jpg
PINEAPPLE,PINEAPPLE/155_100.jpg
PINEAPPLE,PINEAPPLE/156_100.jpg
PINEAPPLE,PINEAPPLE/157_100.jpg
PINEAPPLE,PINEAPPLE/158_100.jpg
PINEAPPLE,PINEAPPLE/159_100.jpg
PINEAPPLE,PINEAPPLE/15_100.jpg
PINEAPPLE,PINEAPPLE/160_100.jpg
PINEAPPLE,PINEAPPLE/161_100.jpg
PINEAPPLE,PINEAPPLE/162_100.jpg
PINEAPPLE,PINEAPPLE/163_100.jpg
PINEAPPLE,PINEAPPLE/164_100.jpg
PINEAPPLE,PINEAPPLE/165_100.jpg
PINEAPPLE,PINEAPPLE/166_100.jpg
PINEAPPLE,PINEAPPLE/167_100.jpg
PINEAPPLE,PINEAPPLE/168_100.jpg
PINEAPPLE,PINEAPPLE/169_100.jpg
PINEAPPLE,PINEAPPLE/16_100.jpg
PINEAPPLE,PINEAPPLE/170_100.jpg
PINEAPPLE,PINEAPPLE/171_100.jpg
PINEAPPLE,PINEAPPLE/172_100.jpg
PINEAPPLE,PINEAPPLE/173_100.jpg
PINEAPPLE,PINEAPPLE/174_100.jpg
PINEAPPLE,PINEAPPLE/175_100.jpg
PINEAPPLE,PINEAPPLE/176_100.jpg
PINEAPPLE,PINEAPPLE/177_100.jpg
PINEAPPLE,PINEAPPLE/178_100.jpg
PINEAPPLE,PINEAPPLE/179_100.jpg
PINEAPPLE,PINEAPPLE/17_100.jpg
PINEAPPLE,PINEAPPLE/180_100.jpg
PINEAPPLE,PINEAPPLE/181_100.jpg
PINEAPPLE,PINEAPPLE/182_100.jpg
PINEAPPLE,PINEAPPLE/183_100.jpg
PINEAPPLE,PINEAPPLE/184_100.jpg
PINEAPPLE,PINEAPPLE/185_100.jpg
PINEAPPLE,PINEAPPLE/186_100.jpg
PINEAPPLE,PINEAPPLE/187_100.jpg
PINEAPPLE,PINEAPPLE/188_100.jpg
PINEAPPLE,PINEAPPLE/189_100.jpg
PINEAPPLE,PINEAPPLE/18_100.jpg
PINEAPPLE,PINEAPPLE/190_100.jpg
PINEAPPLE,PINEAPPLE/191_100.jpg
PINEAPPLE,PINEAPPLE/192_100.jpg
PINEAPPLE,PINEAPPLE/193_100.jpg
PINEAPPLE,PINEAPPLE/194_100.jpg
PINEAPPLE,PINEAPPLE/195_100.jpg
PINEAPPLE,PINEAPPLE/196_100.jpg
PINEAPPLE,PINEAPPLE/197_100.jpg
PINEAPPLE,PINEAPPLE/198_100.jpg
PINEAPPLE,PINEAPPLE/199_100.jpg
PINEAPPLE,PINEAPPLE/19_100.jpg
PINEAPPLE,PINEAPPLE/1_100.jpg
PINEAPPLE,PINEAPPLE/200_100.jpg
PINEAPPLE,PINEAPPLE/201_100.jpg
PINEAPPLE,PINEAPPLE/202_100.jpg
PINEAPPLE,PINEAPPLE/203_100.jpg
PINEAPPLE,PINEAPPLE/204_100.jpg
PINEAPPLE,PINEAPPLE/205_100.jpg
PINEAPPLE,PINEAPPLE/206_100.jpg
PINEAPPLE,PINEAPPLE/207_100.jpg
PINEAPPLE,PINEAPPLE/208_100.jpg
PINEAPPLE,PINEAPPLE/209_100.jpg
PINEAPPLE,PINEAPPLE/20_100.jpg
PINEAPPLE,PINEAPPLE/210_100.jpg
PINEAPPLE,PINEAPPLE/211_100.jpg
PINEAPPLE,PINEAPPLE/212_100.jpg
PINEAPPLE,PINEAPPLE/213_100.jpg
PINEAPPLE,PINEAPPLE/214_100.jpg
PINEAPPLE,PINEAPPLE/215_100.jpg
PINEAPPLE,PINEAPPLE/216_100.jpg
PINEAPPLE,PINEAPPLE/217_100.jpg
PINEAPPLE,PINEAPPLE/218_100.jpg
PINEAPPLE,PINEAPPLE/219_100.jpg
PINEAPPLE,PINEAPPLE/21_100.jpg
PINEAPPLE,PINEAPPLE/220_100.jpg
PINEAPPLE,PINEAPPLE/221_100.jpg
PINEAPPLE,PINEAPPLE/222_100.jpg
PINEAPPLE,PINEAPPLE/223_100.jpg
PINEAPPLE,PINEAPPLE/224_100.jpg
PINEAPPLE,PINEAPPLE/225_100.jpg
PINEAPPLE,PINEAPPLE/226_100.jpg
PINEAPPLE,PINEAPPLE/227_100.jpg
PINEAPPLE,PINEAPPLE/228_100.jpg
PINEAPPLE,PINEAPPLE/229_100.jpg
PINEAPPLE,PINEAPPLE/230_100.jpg
PINEAPPLE,PINEAPPLE/231_100.jpg
PINEAPPLE,PINEAPPLE/232_100.jpg
PINEAPPLE,PINEAPPLE/233_100.jpg
PINEAPPLE,PINEAPPLE/234_100.jpg
PINEAPPLE,PINEAPPLE/235_100.jpg
PINEAPPLE,PINEAPPLE/236_100.jpg
PINEAPPLE,PINEAPPLE/237_100.jpg
PINEAPPLE,PINEAPPLE/238_100.jpg
PINEAPPLE,PINEAPPLE/239_100.jpg
PINEAPPLE,PINEAPPLE/23_100.jpg
PINEAPPLE,PINEAPPLE/240_100.jpg
PINEAPPLE,PINEAPPLE/241_100.jpg
PINEAPPLE,PINEAPPLE/242_100.jpg
PINEAPPLE,PINEAPPLE/243_100.jpg
PINEAPPLE,PINEAPPLE/244_100.jpg
PINEAPPLE,PINEAPPLE/245_100.jpg
PINEAPPLE,PINEAPPLE/246_100.jpg
PINEAPPLE,PINEAPPLE/247_100.jpg
PINEAPPLE,PINEAPPLE/248_100.jpg
PINEAPPLE,PINEAPPLE/249_100.jpg
PINEAPPLE,PINEAPPLE/24_100.jpg
PINEAPPLE,PINEAPPLE/250_100.jpg
PINEAPPLE,PINEAPPLE/251_100.jpg
PINEAPPLE,PINEAPPLE/252_100.jpg
PINEAPPLE,PINEAPPLE/253_100.jpg
PINEAPPLE,PINEAPPLE/254_100.jpg
PINEAPPLE,PINEAPPLE/255_100.jpg
PINEAPPLE,PINEAPPLE/256_100.jpg
PINEAPPLE,PINEAPPLE/257_100.jpg
PINEAPPLE,PINEAPPLE/258_100.jpg
PINEAPPLE,PINEAPPLE/259_100.jpg
PINEAPPLE,PINEAPPLE/25_100.jpg
PINEAPPLE,PINEAPPLE/260_100.jpg
PINEAPPLE,PINEAPPLE/261_100.jpg
PINEAPPLE,PINEAPPLE/262_100.jpg
PINEAPPLE,PINEAPPLE/263_100.jpg
PINEAPPLE,PINEAPPLE/264_100.jpg
PINEAPPLE,PINEAPPLE/265_100.jpg
PINEAPPLE,PINEAPPLE/267_100.jpg
PINEAPPLE,PINEAPPLE/26_100.jpg
PINEAPPLE,PINEAPPLE/272_100.jpg
PINEAPPLE,PINEAPPLE/276_100.jpg
PINEAPPLE,PINEAPPLE/277_100.jpg
PINEAPPLE,PINEAPPLE/278_100.jpg
PINEAPPLE,PINEAPPLE/279_100.jpg
PINEAPPLE,PINEAPPLE/27_100.jpg
PINEAPPLE,PINEAPPLE/280_100.jpg
PINEAPPLE,PINEAPPLE/281_100.jpg
PINEAPPLE,PINEAPPLE/282_100.jpg
PINEAPPLE,PINEAPPLE/283_100.jpg
PINEAPPLE,PINEAPPLE/284_100.jpg
PINEAPPLE,PINEAPPLE/285_100.jpg
PINEAPPLE,PINEAPPLE/286_100.jpg
PINEAPPLE,PINEAPPLE/287_100.jpg
PINEAPPLE,PINEAPPLE/288_100.jpg
PINEAPPLE,PINEAPPLE/289_100.jpg
PINEAPPLE,PINEAPPLE/28_100.jpg
PINEAPPLE,PINEAPPLE/290_100.jpg
PINEAPPLE,PINEAPPLE/291_100.jpg
PINEAPPLE,PINEAPPLE/292_100.jpg
PINEAPPLE,PINEAPPLE/293_100.jpg
PINEAPPLE,PINEAPPLE/294_100.jpg
PINEAPPLE,PINEAPPLE/295_100.jpg
PINEAPPLE,PINEAPPLE/296_100.jpg
PINEAPPLE,PINEAPPLE/297_100.jpg
PINEAPPLE,PINEAPPLE/298_100.jpg
PINEAPPLE,PINEAPPLE/299_100.jpg
PINEAPPLE,PINEAPPLE/29_100.jpg
PINEAPPLE,PINEAPPLE/2_100.jpg
PINEAPPLE,PINEAPPLE/301_100.jpg
PINEAPPLE,PINEAPPLE/303_100.jpg
PINEAPPLE,PINEAPPLE/305_100.jpg
PINEAPPLE,PINEAPPLE/308_100.jpg
PINEAPPLE,PINEAPPLE/30_100.jpg
PINEAPPLE,PINEAPPLE/310_100.jpg
PINEAPPLE,PINEAPPLE/312_100.jpg
PINEAPPLE,PINEAPPLE/313_100.jpg
PINEAPPLE,PINEAPPLE/314_100.jpg
PINEAPPLE,PINEAPPLE/315_100.jpg
PINEAPPLE,PINEAPPLE/316_100.jpg
PINEAPPLE,PINEAPPLE/317_100.jpg
PINEAPPLE,PINEAPPLE/318_100.jpg
PINEAPPLE,PINEAPPLE/319_100.jpg
PINEAPPLE,PINEAPPLE/31_100.jpg
PINEAPPLE,PINEAPPLE/320_100.jpg
PINEAPPLE,PINEAPPLE/321_100.jpg
PINEAPPLE,PINEAPPLE/322_100.jpg
PINEAPPLE,PINEAPPLE/323_100.jpg
PINEAPPLE,PINEAPPLE/324_100.jpg
PINEAPPLE,PINEAPPLE/325_100.jpg
PINEAPPLE,PINEAPPLE/327_100.jpg
PINEAPPLE,PINEAPPLE/32_100.jpg
PINEAPPLE,PINEAPPLE/33_100.jpg
PINEAPPLE,PINEAPPLE/34_100.jpg
PINEAPPLE,PINEAPPLE/35_100.jpg
PINEAPPLE,PINEAPPLE/36_100.jpg
PINEAPPLE,PINEAPPLE/37_100.jpg
PINEAPPLE,PINEAPPLE/38_100.jpg
PINEAPPLE,PINEAPPLE/39_100.jpg
PINEAPPLE,PINEAPPLE/40_100.jpg
PINEAPPLE,PINEAPPLE/41_100.jpg
PINEAPPLE,PINEAPPLE/42_100.jpg
PINEAPPLE,PINEAPPLE/43_100.jpg
PINEAPPLE,PINEAPPLE/44_100.jpg
PINEAPPLE,PINEAPPLE/45_100.jpg
PINEAPPLE,PINEAPPLE/46_100.jpg
PINEAPPLE,PINEAPPLE/47_100.jpg
PINEAPPLE,PINEAPPLE/48_100.jpg
PINEAPPLE,PINEAPPLE/49_100.jpg
PINEAPPLE,PINEAPPLE/4_100.jpg
PINEAPPLE,PINEAPPLE/50_100.jpg
PINEAPPLE,PINEAPPLE/51_100.jpg
PINEAPPLE,PINEAPPLE/52_100.jpg
PINEAPPLE,PINEAPPLE/53_100.jpg
PINEAPPLE,PINEAPPLE/54_100.jpg
PINEAPPLE,PINEAPPLE/55_100.jpg
PINEAPPLE,PINEAPPLE/56_100.jpg
PINEAPPLE,PINEAPPLE/57_100.jpg
PINEAPPLE,PINEAPPLE/58_100.jpg
PINEAPPLE,PINEAPPLE/59_100.jpg
PINEAPPLE,PINEAPPLE/5_100.jpg
PINEAPPLE,PINEAPPLE/60_100.jpg
PINEAPPLE,PINEAPPLE/61_100.jpg
PINEAPPLE,PINEAPPLE/62_100.jpg
PINEAPPLE,PINEAPPLE/63_100.jpg
PINEAPPLE,PINEAPPLE/64_100.jpg
PINEAPPLE,PINEAPPLE/65_100.jpg
PINEAPPLE,PINEAPPLE/66_100.jpg
PINEAPPLE,PINEAPPLE/67_100.jpg
PINEAPPLE,PINEAPPLE/68_100.jpg
PINEAPPLE,PINEAPPLE/69_100.jpg
PINEAPPLE,PINEAPPLE/6_100.jpg
PINEAPPLE,PINEAPPLE/70_100.jpg
PINEAPPLE,PINEAPPLE/71_100.jpg
PINEAPPLE,PINEAPPLE/72_100.jpg
PINEAPPLE,PINEAPPLE/73_100.jpg
PINEAPPLE,PINEAPPLE/74_100.jpg
PINEAPPLE,PINEAPPLE/76_100.jpg
PINEAPPLE,PINEAPPLE/77_100.jpg
PINEAPPLE,PINEAPPLE/78_100.jpg
PINEAPPLE,PINEAPPLE/79_100.jpg
PINEAPPLE,PINEAPPLE/80_100.jpg
PINEAPPLE,PINEAPPLE/81_100.jpg
PINEAPPLE,PINEAPPLE/82_100.jpg
PINEAPPLE,PINEAPPLE/83_100.jpg
PINEAPPLE,PINEAPPLE/84_100.jpg
PINEAPPLE,PINEAPPLE/85_100.jpg
PINEAPPLE,PINEAPPLE/86_100.jpg
PINEAPPLE,PINEAPPLE/87_100.jpg
PINEAPPLE,PINEAPPLE/88_100.jpg
PINEAPPLE,PINEAPPLE/89_100.jpg
PINEAPPLE,PINEAPPLE/8_100.jpg
PINEAPPLE,PINEAPPLE/90_100.jpg
PINEAPPLE,PINEAPPLE/91_100.jpg
PINEAPPLE,PINEAPPLE/92_100.jpg
PINEAPPLE,PINEAPPLE/93_100.jpg
PINEAPPLE,PINEAPPLE/94_100.jpg
PINEAPPLE,PINEAPPLE/95_100.jpg
PINEAPPLE,PINEAPPLE/96_100.jpg
PINEAPPLE,PINEAPPLE/97_100.jpg
PINEAPPLE,PINEAPPLE/98_100.jpg
PINEAPPLE,PINEAPPLE/99_100.jpg
PINEAPPLE,PINEAPPLE/9_100.jpg
PINEAPPLE,PINEAPPLE/r_0_100.jpg
PINEAPPLE,PINEAPPLE/r_100_100.jpg
PINEAPPLE,PINEAPPLE/r_101_100.jpg
PINEAPPLE,PINEAPPLE/r_102_100.jpg
PINEAPPLE,PINEAPPLE/r_103_100.jpg
PINEAPPLE,PINEAPPLE/r_104_100.jpg
PINEAPPLE,PINEAPPLE/r_105_100.jpg
PINEAPPLE,PINEAPPLE/r_106_100.jpg
PINEAPPLE,PINEAPPLE/r_107_100.jpg
PINEAPPLE,PINEAPPLE/r_108_100.jpg
PINEAPPLE,PINEAPPLE/r_109_100.jpg
PINEAPPLE,PINEAPPLE/r_10_100.jpg
PINEAPPLE,PINEAPPLE/r_110_100.jpg
PINEAPPLE,PINEAPPLE/r_111_100.jpg
PINEAPPLE,PINEAPPLE/r_112_100.jpg
PINEAPPLE,PINEAPPLE/r_113_100.jpg
PINEAPPLE,PINEAPPLE/r_114_100.jpg
PINEAPPLE,PINEAPPLE/r_115_100.jpg
PINEAPPLE,PINEAPPLE/r_116_100.jpg
PINEAPPLE,PINEAPPLE/r_117_100.jpg
PINEAPPLE,PINEAPPLE/r_118_100.jpg
PINEAPPLE,PINEAPPLE/r_119_100.jpg
PINEAPPLE,PINEAPPLE/r_11_100.jpg
PINEAPPLE,PINEAPPLE/r_120_100.jpg
PINEAPPLE,PINEAPPLE/r_121_100.jpg
PINEAPPLE,PINEAPPLE/r_122_100.jpg
PINEAPPLE,PINEAPPLE/r_123_100.jpg
PINEAPPLE,PINEAPPLE/r_124_100.jpg
PINEAPPLE,PINEAPPLE/r_125_100.jpg
PINEAPPLE,PINEAPPLE/r_126_100.jpg
PINEAPPLE,PINEAPPLE/r_127_100.jpg
PINEAPPLE,PINEAPPLE/r_128_100.jpg
PINEAPPLE,PINEAPPLE/r_129_100.jpg
PINEAPPLE,PINEAPPLE/r_12_100.jpg
PINEAPPLE,PINEAPPLE/r_130_100.jpg
PINEAPPLE,PINEAPPLE/r_131_100.jpg
PINEAPPLE,PINEAPPLE/r_132_100.jpg
PINEAPPLE,PINEAPPLE/r_133_100.jpg
PINEAPPLE,PINEAPPLE/r_134_100.jpg
PINEAPPLE,PINEAPPLE/r_135_100.jpg
PINEAPPLE,PINEAPPLE/r_136_100.jpg
PINEAPPLE,PINEAPPLE/r_137_100.jpg
PINEAPPLE,PINEAPPLE/r_138_100.jpg
PINEAPPLE,PINEAPPLE/r_139_100.jpg
PINEAPPLE,PINEAPPLE/r_13_100.jpg
PINEAPPLE,PINEAPPLE/r_140_100.jpg
PINEAPPLE,PINEAPPLE/r_141_100.jpg
PINEAPPLE,PINEAPPLE/r_142_100.jpg
PINEAPPLE,PINEAPPLE/r_143_100.jpg
PINEAPPLE,PINEAPPLE/r_144_100.jpg
PINEAPPLE,PINEAPPLE/r_145_100.jpg
PINEAPPLE,PINEAPPLE/r_146_100.jpg
PINEAPPLE,PINEAPPLE/r_147_100.jpg
PINEAPPLE,PINEAPPLE/r_148_100.jpg
PINEAPPLE,PINEAPPLE/r_149_100.jpg
PINEAPPLE,PINEAPPLE/r_14_100.jpg
PINEAPPLE,PINEAPPLE/r_150_100.jpg
PINEAPPLE,PINEAPPLE/r_151_100.jpg
PINEAPPLE,PINEAPPLE/r_152_100.jpg
PINEAPPLE,PINEAPPLE/r_153_100.jpg
PINEAPPLE,PINEAPPLE/r_154_100.jpg
PINEAPPLE,PINEAPPLE/r_155_100.jpg
PINEAPPLE,PINEAPPLE/r_156_100.jpg
PINEAPPLE,PINEAPPLE/r_157_100.jpg
PINEAPPLE,PINEAPPLE/r_158_100.jpg
PINEAPPLE,PINEAPPLE/r_159_100.jpg
PINEAPPLE,PINEAPPLE/r_15_100.jpg
PINEAPPLE,PINEAPPLE/r_160_100.jpg
PINEAPPLE,PINEAPPLE/r_161_100.jpg
PINEAPPLE,PINEAPPLE/r_162_100.jpg
PINEAPPLE,PINEAPPLE/r_163_100.jpg
PINEAPPLE,PINEAPPLE/r_164_100.jpg
PINEAPPLE,PINEAPPLE/r_165_100.jpg
PINEAPPLE,PINEAPPLE/r_166_100.jpg
PINEAPPLE,PINEAPPLE/r_167_100.jpg
PINEAPPLE,PINEAPPLE/r_168_100.jpg
PINEAPPLE,PINEAPPLE/r_169_100.jpg
PINEAPPLE,PINEAPPLE/r_16_100.jpg
PINEAPPLE,PINEAPPLE/r_170_100.jpg
PINEAPPLE,PINEAPPLE/r_171_100.jpg
PINEAPPLE,PINEAPPLE/r_172_100.jpg
PINEAPPLE,PINEAPPLE/r_173_100.jpg
PINEAPPLE,PINEAPPLE/r_174_100.jpg
PINEAPPLE,PINEAPPLE/r_175_100.jpg
PINEAPPLE,PINEAPPLE/r_176_100.jpg
PINEAPPLE,PINEAPPLE/r_177_100.jpg
PINEAPPLE,PINEAPPLE/r_178_100.jpg
PINEAPPLE,PINEAPPLE/r_179_100.jpg
PINEAPPLE,PINEAPPLE/r_17_100.jpg
PINEAPPLE,PINEAPPLE/r_180_100.jpg
PINEAPPLE,PINEAPPLE/r_181_100.jpg
PINEAPPLE,PINEAPPLE/r_182_100.jpg
PINEAPPLE,PINEAPPLE/r_183_100.jpg
PINEAPPLE,PINEAPPLE/r_184_100.jpg
PINEAPPLE,PINEAPPLE/r_185_100.jpg
PINEAPPLE,PINEAPPLE/r_186_100.jpg
PINEAPPLE,PINEAPPLE/r_187_100.jpg
PINEAPPLE,PINEAPPLE/r_188_100.jpg
PINEAPPLE,PINEAPPLE/r_189_100.jpg
PINEAPPLE,PINEAPPLE/r_18_100.jpg
PINEAPPLE,PINEAPPLE/r_190_100.jpg
PINEAPPLE,PINEAPPLE/r_191_100.jpg
PINEAPPLE,PINEAPPLE/r_192_100.jpg
PINEAPPLE,PINEAPPLE/r_193_100.jpg
PINEAPPLE,PINEAPPLE/r_194_100.jpg
PINEAPPLE,PINEAPPLE/r_195_100.jpg
PINEAPPLE,PINEAPPLE/r_196_100.jpg
PINEAPPLE,PINEAPPLE/r_197_100.jpg
PINEAPPLE,PINEAPPLE/r_198_100.jpg
PINEAPPLE,PINEAPPLE/r_199_100.jpg
PINEAPPLE,PINEAPPLE/r_19_100.jpg
PINEAPPLE,PINEAPPLE/r_1_100.jpg
PINEAPPLE,PINEAPPLE/r_200_100.jpg
PINEAPPLE,PINEAPPLE/r_201_100.jpg
PINEAPPLE,PINEAPPLE/r_202_100.jpg
PINEAPPLE,PINEAPPLE/r_203_100.jpg
PINEAPPLE,PINEAPPLE/r_204_100.jpg
PINEAPPLE,PINEAPPLE/r_205_100.jpg
PINEAPPLE,PINEAPPLE/r_209_100.jpg
PINEAPPLE,PINEAPPLE/r_20_100.jpg
PINEAPPLE,PINEAPPLE/r_210_100.jpg
PINEAPPLE,PINEAPPLE/r_211_100.jpg
PINEAPPLE,PINEAPPLE/r_212_100.jpg
PINEAPPLE,PINEAPPLE/r_213_100.jpg
PINEAPPLE,PINEAPPLE/r_214_100.jpg
PINEAPPLE,PINEAPPLE/r_215_100.jpg
PINEAPPLE,PINEAPPLE/r_216_100.jpg
PINEAPPLE,PINEAPPLE/r_21_100.jpg
PINEAPPLE,PINEAPPLE/r_229_100.jpg
PINEAPPLE,PINEAPPLE/r_22_100.jpg
PINEAPPLE,PINEAPPLE/r_230_100.jpg
PINEAPPLE,PINEAPPLE/r_231_100.jpg
PINEAPPLE,PINEAPPLE/r_232_100.jpg
PINEAPPLE,PINEAPPLE/r_233_100.jpg
PINEAPPLE,PINEAPPLE/r_234_100.jpg
PINEAPPLE,PINEAPPLE/r_235_100.jpg
PINEAPPLE,PINEAPPLE/r_236_100.jpg
PINEAPPLE,PINEAPPLE/r_237_100.jpg
PINEAPPLE,PINEAPPLE/r_238_100.jpg
PINEAPPLE,PINEAPPLE/r_239_100.jpg
PINEAPPLE,PINEAPPLE/r_23_100.jpg
PINEAPPLE,PINEAPPLE/r_240_100.jpg
PINEAPPLE,PINEAPPLE/r_241_100.jpg
PINEAPPLE,PINEAPPLE/r_242_100.jpg
PINEAPPLE,PINEAPPLE/r_243_100.jpg
PINEAPPLE,PINEAPPLE/r_244_100.jpg
PINEAPPLE,PINEAPPLE/r_245_100.jpg
PINEAPPLE,PINEAPPLE/r_246_100.jpg
PINEAPPLE,PINEAPPLE/r_247_100.jpg
PINEAPPLE,PINEAPPLE/r_248_100.jpg
PINEAPPLE,PINEAPPLE/r_249_100.jpg
PINEAPPLE,PINEAPPLE/r_24_100.jpg
PINEAPPLE,PINEAPPLE/r_250_100.jpg
PINEAPPLE,PINEAPPLE/r_251_100.jpg
PINEAPPLE,PINEAPPLE/r_252_100.jpg
PINEAPPLE,PINEAPPLE/r_253_100.jpg
PINEAPPLE,PINEAPPLE/r_254_100.jpg
PINEAPPLE,PINEAPPLE/r_255_100.jpg
PINEAPPLE,PINEAPPLE/r_256_100.jpg
PINEAPPLE,PINEAPPLE/r_257_100.jpg
PINEAPPLE,PINEAPPLE/r_258_100.jpg
PINEAPPLE,PINEAPPLE/r_259_100.jpg
PINEAPPLE,PINEAPPLE/r_25_100.jpg
PINEAPPLE,PINEAPPLE/r_260_100.jpg
PINEAPPLE,PINEAPPLE/r_261_100.jpg
PINEAPPLE,PINEAPPLE/r_262_100.jpg
PINEAPPLE,PINEAPPLE/r_263_100.jpg
PINEAPPLE,PINEAPPLE/r_264_100.jpg
PINEAPPLE,PINEAPPLE/r_265_100.jpg
PINEAPPLE,PINEAPPLE/r_266_100.jpg
PINEAPPLE,PINEAPPLE/r_267_100.jpg
PINEAPPLE,PINEAPPLE/r_268_100.jpg
PINEAPPLE,PINEAPPLE/r_269_100.jpg
PINEAPPLE,PINEAPPLE/r_26_100.jpg
PINEAPPLE,PINEAPPLE/r_270_100.jpg
PINEAPPLE,PINEAPPLE/r_271_100.jpg
PINEAPPLE,PINEAPPLE/r_272_100.jpg
PINEAPPLE,PINEAPPLE/r_273_100.jpg
PINEAPPLE,PINEAPPLE/r_274_100.jpg
PINEAPPLE,PINEAPPLE/r_275_100.jpg
PINEAPPLE,PINEAPPLE/r_276_100.jpg
PINEAPPLE,PINEAPPLE/r_277_100.jpg
PINEAPPLE,PINEAPPLE/r_278_100.jpg
PINEAPPLE,PINEAPPLE/r_279_100.jpg
PINEAPPLE,PINEAPPLE/r_27_100.jpg
PINEAPPLE,PINEAPPLE/r_280_100.jpg
PINEAPPLE,PINEAPPLE/r_281_100.jpg
PINEAPPLE,PINEAPPLE/r_282_100.jpg
PINEAPPLE,PINEAPPLE/r_283_100.jpg
PINEAPPLE,PINEAPPLE/r_284_100.jpg
PINEAPPLE,PINEAPPLE/r_285_100.jpg
PINEAPPLE,PINEAPPLE/r_286_100.jpg
PINEAPPLE,PINEAPPLE/r_287_100.jpg
PINEAPPLE,PINEAPPLE/r_288_100.jpg
PINEAPPLE,PINEAPPLE/r_289_100.jpg
PINEAPPLE,PINEAPPLE/r_28_100.jpg
PINEAPPLE,PINEAPPLE/r_290_100.jpg
PINEAPPLE,PINEAPPLE/r_291_100.jpg
PINEAPPLE,PINEAPPLE/r_292_100.jpg
PINEAPPLE,PINEAPPLE/r_293_100.jpg
PINEAPPLE,PINEAPPLE/r_294_100.jpg
PINEAPPLE,PINEAPPLE/r_295_100.jpg
PINEAPPLE,PINEAPPLE/r_296_100.jpg
PINEAPPLE,PINEAPPLE/r_297_100.jpg
PINEAPPLE,PINEAPPLE/r_298_100.jpg
PINEAPPLE,PINEAPPLE/r_299_100.jpg
PINEAPPLE,PINEAPPLE/r_29_100.jpg
PINEAPPLE,PINEAPPLE/r_2_100.jpg
PINEAPPLE,PINEAPPLE/r_300_100.jpg
PINEAPPLE,PINEAPPLE/r_301_100.jpg
PINEAPPLE,PINEAPPLE/r_302_100.jpg
PINEAPPLE,PINEAPPLE/r_303_100.jpg
PINEAPPLE,PINEAPPLE/r_304_100.jpg
PINEAPPLE,PINEAPPLE/r_305_100.jpg
PINEAPPLE,PINEAPPLE/r_306_100.jpg
PINEAPPLE,PINEAPPLE/r_307_100.jpg
PINEAPPLE,PINEAPPLE/r_308_100.jpg
PINEAPPLE,PINEAPPLE/r_309_100.jpg
PINEAPPLE,PINEAPPLE/r_30_100.jpg
PINEAPPLE,PINEAPPLE/r_310_100.jpg
PINEAPPLE,PINEAPPLE/r_311_100.jpg
PINEAPPLE,PINEAPPLE/r_312_100.jpg
PINEAPPLE,PINEAPPLE/r_313_100.jpg
PINEAPPLE,PINEAPPLE/r_314_100.jpg
PINEAPPLE,PINEAPPLE/r_315_100.jpg
PINEAPPLE,PINEAPPLE/r_316_100.jpg
PINEAPPLE,PINEAPPLE/r_317_100.jpg
PINEAPPLE,PINEAPPLE/r_318_100.jpg
PINEAPPLE,PINEAPPLE/r_319_100.jpg
PINEAPPLE,PINEAPPLE/r_31_100.jpg
PINEAPPLE,PINEAPPLE/r_320_100.jpg
PINEAPPLE,PINEAPPLE/r_321_100.jpg
PINEAPPLE,PINEAPPLE/r_322_100.jpg
PINEAPPLE,PINEAPPLE/r_323_100.jpg
PINEAPPLE,PINEAPPLE/r_324_100.jpg
PINEAPPLE,PINEAPPLE/r_325_100.jpg
PINEAPPLE,PINEAPPLE/r_326_100.jpg
PINEAPPLE,PINEAPPLE/r_327_100.jpg
PINEAPPLE,PINEAPPLE/r_32_100.jpg
PINEAPPLE,PINEAPPLE/r_33_100.jpg
PINEAPPLE,PINEAPPLE/r_34_100.jpg
PINEAPPLE,PINEAPPLE/r_35_100.jpg
PINEAPPLE,PINEAPPLE/r_36_100.jpg
PINEAPPLE,PINEAPPLE/r_37_100.jpg
PINEAPPLE,PINEAPPLE/r_38_100.jpg
PINEAPPLE,PINEAPPLE/r_39_100.jpg
PINEAPPLE,PINEAPPLE/r_3_100.jpg
PINEAPPLE,PINEAPPLE/r_40_100.jpg
PINEAPPLE,PINEAPPLE/r_41_100.jpg
PINEAPPLE,PINEAPPLE/r_42_100.jpg
PINEAPPLE,PINEAPPLE/r_43_100.jpg
PINEAPPLE,PINEAPPLE/r_44_100.jpg
PINEAPPLE,PINEAPPLE/r_45_100.jpg
PINEAPPLE,PINEAPPLE/r_46_100.jpg
PINEAPPLE,PINEAPPLE/r_47_100.jpg
PINEAPPLE,PINEAPPLE/r_48_100.jpg
PINEAPPLE,PINEAPPLE/r_49_100.jpg
PINEAPPLE,PINEAPPLE/r_4_100.jpg
PINEAPPLE,PINEAPPLE/r_50_100.jpg
PINEAPPLE,PINEAPPLE/r_51_100.jpg
PINEAPPLE,PINEAPPLE/r_52_100.jpg
PINEAPPLE,PINEAPPLE/r_53_100.jpg
PINEAPPLE,PINEAPPLE/r_54_100.jpg
PINEAPPLE,PINEAPPLE/r_55_100.jpg
PINEAPPLE,PINEAPPLE/r_56_100.jpg
PINEAPPLE,PINEAPPLE/r_57_100.jpg
PINEAPPLE,PINEAPPLE/r_58_100.jpg
PINEAPPLE,PINEAPPLE/r_59_100.jpg
PINEAPPLE,PINEAPPLE/r_5_100.jpg
PINEAPPLE,PINEAPPLE/r_60_100.jpg
PINEAPPLE,PINEAPPLE/r_61_100.jpg
PINEAPPLE,PINEAPPLE/r_62_100.jpg
PINEAPPLE,PINEAPPLE/r_63_100.jpg
PINEAPPLE,PINEAPPLE/r_64_100.jpg
PINEAPPLE,PINEAPPLE/r_65_100.jpg
PINEAPPLE,PINEAPPLE/r_66_100.jpg
PINEAPPLE,PINEAPPLE/r_67_100.jpg
PINEAPPLE,PINEAPPLE/r_68_100.jpg
PINEAPPLE,PINEAPPLE/r_69_100.jpg
PINEAPPLE,PINEAPPLE/r_6_100.jpg
PINEAPPLE,PINEAPPLE/r_70_100.jpg
PINEAPPLE,PINEAPPLE/r_71_100.jpg
PINEAPPLE,PINEAPPLE/r_72_100.jpg
PINEAPPLE,PINEAPPLE/r_73_100.jpg
PINEAPPLE,PINEAPPLE/r_74_100.jpg
PINEAPPLE,PINEAPPLE/r_75_100.jpg
PINEAPPLE,PINEAPPLE/r_76_100.jpg
PINEAPPLE,PINEAPPLE/r_77_100.jpg
PINEAPPLE,PINEAPPLE/r_78_100.jpg
PINEAPPLE,PINEAPPLE/r_79_100.jpg
PINEAPPLE,PINEAPPLE/r_7_100.jpg
PINEAPPLE,PINEAPPLE/r_80_100.jpg
PINEAPPLE,PINEAPPLE/r_81_100.jpg
PINEAPPLE,PINEAPPLE/r_82_100.jpg
PINEAPPLE,PINEAPPLE/r_83_100.jpg
PINEAPPLE,PINEAPPLE/r_84_100.jpg
PINEAPPLE,PINEAPPLE/r_85_100.jpg
PINEAPPLE,PINEAPPLE/r_86_100.jpg
PINEAPPLE,PINEAPPLE/r_87_100.jpg
PINEAPPLE,PINEAPPLE/r_88_100.jpg
PINEAPPLE,PINEAPPLE/r_89_100.jpg
PINEAPPLE,PINEAPPLE/r_8_100.jpg
PINEAPPLE,PINEAPPLE/r_90_100.jpg
PINEAPPLE,PINEAPPLE/r_91_100.jpg
PINEAPPLE,PINEAPPLE/r_92_100.jpg
PINEAPPLE,PINEAPPLE/r_93_100.jpg
PINEAPPLE,PINEAPPLE/r_94_100.jpg
PINEAPPLE,PINEAPPLE/r_95_100.jpg
PINEAPPLE,PINEAPPLE/r_96_100.jpg
PINEAPPLE,PINEAPPLE/r_97_100.jpg
PINEAPPLE,PINEAPPLE/r_98_100.jpg
PINEAPPLE,PINEAPPLE/r_99_100.jpg
PINEAPPLE,PINEAPPLE/r_9_100.jpg
WATERMELON,WATERMELON/0_100.jpg
WATERMELON,WATERMELON/100_100.jpg
WATERMELON,WATERMELON/101_100.jpg
WATERMELON,WATERMELON/102_100.jpg
WATERMELON,WATERMELON/103_100.jpg
WATERMELON,WATERMELON/104_100.jpg
WATERMELON,WATERMELON/105_100.jpg
WATERMELON,WATERMELON/106_100.jpg
WATERMELON,WATERMELON/107_100.jpg
WATERMELON,WATERMELON/108_100.jpg
WATERMELON,WATERMELON/109_100.jpg
WATERMELON,WATERMELON/10_100.jpg
WATERMELON,WATERMELON/110_100.jpg
WATERMELON,WATERMELON/111_100.jpg
WATERMELON,WATERMELON/112_100.jpg
WATERMELON,WATERMELON/113_100.jpg
WATERMELON,WATERMELON/114_100.jpg
WATERMELON,WATERMELON/115_100.jpg
WATERMELON,WATERMELON/116_100.jpg
WATERMELON,WATERMELON/117_100.jpg
WATERMELON,WATERMELON/118_100.jpg
WATERMELON,WATERMELON/119_100.jpg
WATERMELON,WATERMELON/11_100.jpg
WATERMELON,WATERMELON/120_100.jpg
WATERMELON,WATERMELON/121_100.jpg
WATERMELON,WATERMELON/122_100.jpg
WATERMELON,WATERMELON/123_100.jpg
WATERMELON,WATERMELON/124_100.jpg
WATERMELON,WATERMELON/127_100.jpg
WATERMELON,WATERMELON/128_100.jpg
WATERMELON,WATERMELON/12_100.jpg
WATERMELON,WATERMELON/13_100.jpg
WATERMELON,WATERMELON/140_100.jpg
WATERMELON,WATERMELON/141_100.jpg
WATERMELON,WATERMELON/145_100.jpg
WATERMELON,WATERMELON/147_100.jpg
WATERMELON,WATERMELON/149_100.jpg
WATERMELON,WATERMELON/14_100.jpg
WATERMELON,WATERMELON/154_100.jpg
WATERMELON,WATERMELON/155_100.jpg
WATERMELON,WATERMELON/156_100.jpg
WATERMELON,WATERMELON/157_100.jpg
WATERMELON,WATERMELON/158_100.jpg
WATERMELON,WATERMELON/159_100.jpg
WATERMELON,WATERMELON/15_100.jpg
WATERMELON,WATERMELON/160_100.jpg
WATERMELON,WATERMELON/161_100.jpg
WATERMELON,WATERMELON/162_100.jpg
WATERMELON,WATERMELON/163_100.jpg
WATERMELON,WATERMELON/164_100.jpg
WATERMELON,WATERMELON/165_100.jpg
WATERMELON,WATERMELON/166_100.jpg
WATERMELON,WATERMELON/167_100.jpg
WATERMELON,WATERMELON/168_100.jpg
WATERMELON,WATERMELON/169_100.jpg
WATERMELON,WATERMELON/16_100.jpg
WATERMELON,WATERMELON/170_100.jpg
WATERMELON,WATERMELON/171_100.jpg
WATERMELON,WATERMELON/172_100.jpg
WATERMELON,WATERMELON/173_100.jpg
WATERMELON,WATERMELON/174_100.jpg
WATERMELON,WATERMELON/175_100.jpg
WATERMELON,WATERMELON/177_100.jpg
WATERMELON,WATERMELON/179_100.jpg
WATERMELON,WATERMELON/17_100.jpg
WATERMELON,WATERMELON/180_100.jpg
WATERMELON,WATERMELON/181_100.jpg
WATERMELON,WATERMELON/182_100.jpg
WATERMELON,WATERMELON/184_100.jpg
WATERMELON,WATERMELON/187_100.jpg
WATERMELON,WATERMELON/18_100.jpg
WATERMELON,WATERMELON/190_100.jpg
WATERMELON,WATERMELON/191_100.jpg
WATERMELON,WATERMELON/192_100.jpg
WATERMELON,WATERMELON/193_100.jpg
WATERMELON,WATERMELON/194_100.jpg
WATERMELON,WATERMELON/195_100.jpg
WATERMELON,WATERMELON/196_100.jpg
WATERMELON,WATERMELON/197_100.jpg
WATERMELON,WATERMELON/198_100.jpg
WATERMELON,WATERMELON/199_100.jpg
WATERMELON,WATERMELON/19_100.jpg
WATERMELON,WATERMELON/1_100.jpg
WATERMELON,WATERMELON/200_100.jpg
WATERMELON,WATERMELON/204_100.jpg
WATERMELON,WATERMELON/208_100.jpg
WATERMELON,WATERMELON/20_100.jpg
WATERMELON,WATERMELON/210_100.jpg
WATERMELON,WATERMELON/211_100.jpg
WATERMELON,WATERMELON/212_100.jpg
WATERMELON,WATERMELON/214_100.jpg
WATERMELON,WATERMELON/215_100.jpg
WATERMELON,WATERMELON/216_100.jpg
WATERMELON,WATERMELON/217_100.jpg
WATERMELON,WATERMELON/218_100.jpg
WATERMELON,WATERMELON/219_100.jpg
WATERMELON,WATERMELON/21_100.jpg
WATERMELON,WATERMELON/220_100.jpg
WATERMELON,WATERMELON/221_100.jpg
WATERMELON,WATERMELON/222_100.jpg
WATERMELON,WATERMELON/223_100.jpg
WATERMELON,WATERMELON/224_100.jpg
WATERMELON,WATERMELON/225_100.jpg
WATERMELON,WATERMELON/226_100.jpg
WATERMELON,WATERMELON/227_100.jpg
WATERMELON,WATERMELON/228_100.jpg
WATERMELON,WATERMELON/229_100.jpg
WATERMELON,WATERMELON/22_100.jpg
WATERMELON,WATERMELON/231_100.jpg
WATERMELON,WATERMELON/232_100.jpg
WATERMELON,WATERMELON/233_100.jpg
WATERMELON,WATERMELON/234_100.jpg
WATERMELON,WATERMELON/236_100.jpg
WATERMELON,WATERMELON/239_100.jpg
WATERMELON,WATERMELON/23_100.jpg
WATERMELON,WATERMELON/240_100.jpg
WATERMELON,WATERMELON/241_100.jpg
WATERMELON,WATERMELON/242_100.jpg
WATERMELON,WATERMELON/243_100.jpg
WATERMELON,WATERMELON/245_100.jpg
WATERMELON,WATERMELON/246_100.jpg
WATERMELON,WATERMELON/247_100.jpg
WATERMELON,WATERMELON/248_100.jpg
WATERMELON,WATERMELON/24_100.jpg
WATERMELON,WATERMELON/250_100.jpg
WATERMELON,WATERMELON/251_100.jpg
WATERMELON,WATERMELON/252_100.jpg
WATERMELON,WATERMELON/25_100.jpg
WATERMELON,WATERMELON/26_100.jpg
WATERMELON,WATERMELON/278_100.jpg
WATERMELON,WATERMELON/27_100.jpg
WATERMELON,WATERMELON/285_100.jpg
WATERMELON,WATERMELON/289_100.jpg
WATERMELON,WATERMELON/28_100.jpg
WATERMELON,WATERMELON/291_100.jpg
WATERMELON,WATERMELON/292_100.jpg
WATERMELON,WATERMELON/293_100.jpg
WATERMELON,WATERMELON/294_100.jpg
WATERMELON,WATERMELON/295_100.jpg
WATERMELON,WATERMELON/297_100.jpg
WATERMELON,WATERMELON/298_100.jpg
WATERMELON,WATERMELON/299_100.jpg
WATERMELON,WATERMELON/29_100.jpg
WATERMELON,WATERMELON/2_100.jpg
WATERMELON,WATERMELON/300_100.jpg
WATERMELON,WATERMELON/301_100.jpg
WATERMELON,WATERMELON/302_100.jpg
WATERMELON,WATERMELON/303_100.jpg
WATERMELON,WATERMELON/304_100.jpg
WATERMELON,WATERMELON/305_100.jpg
WATERMELON,WATERMELON/306_100.jpg
WATERMELON,WATERMELON/307_100.jpg
WATERMELON,WATERMELON/308_100.jpg
WATERMELON,WATERMELON/309_100.jpg
WATERMELON,WATERMELON/30_100.jpg
WATERMELON,WATERMELON/310_100.jpg
WATERMELON,WATERMELON/311_100.jpg
WATERMELON,WATERMELON/312_100.jpg
WATERMELON,WATERMELON/313_100.jpg
WATERMELON,WATERMELON/314_100.jpg
WATERMELON,WATERMELON/315_100.jpg
WATERMELON,WATERMELON/31_100.jpg
WATERMELON,WATERMELON/32_100.jpg
WATERMELON,WATERMELON/33_100.jpg
WATERMELON,WATERMELON/34_100.jpg
WATERMELON,WATERMELON/35_100.jpg
WATERMELON,WATERMELON/36_100.jpg
WATERMELON,WATERMELON/37_100.jpg
WATERMELON,WATERMELON/38_100.jpg
WATERMELON,WATERMELON/39_100.jpg
WATERMELON,WATERMELON/3_100.jpg
WATERMELON,WATERMELON/40_100.jpg
WATERMELON,WATERMELON/41_100.jpg
WATERMELON,WATERMELON/42_100.jpg
WATERMELON,WATERMELON/43_100.jpg
WATERMELON,WATERMELON/44_100.jpg
WATERMELON,WATERMELON/45_100.jpg
WATERMELON,WATERMELON/46_100.jpg
WATERMELON,WATERMELON/47_100.jpg
WATERMELON,WATERMELON/48_100.jpg
WATERMELON,WATERMELON/49_100.jpg
WATERMELON,WATERMELON/4_100.jpg
WATERMELON,WATERMELON/50_100.jpg
WATERMELON,WATERMELON/51_100.jpg
WATERMELON,WATERMELON/52_100.jpg
WATERMELON,WATERMELON/53_100.jpg
WATERMELON,WATERMELON/54_100.jpg
WATERMELON,WATERMELON/55_100.jpg
WATERMELON,WATERMELON/56_100.jpg
WATERMELON,WATERMELON/57_100.jpg
WATERMELON,WATERMELON/58_100.jpg
WATERMELON,WATERMELON/59_100.jpg
WATERMELON,WATERMELON/5_100.jpg
WATERMELON,WATERMELON/60_100.jpg
WATERMELON,WATERMELON/61_100.jpg
WATERMELON,WATERMELON/62_100.jpg
WATERMELON,WATERMELON/63_100.jpg
WATERMELON,WATERMELON/64_100.jpg
WATERMELON,WATERMELON/65_100.jpg
WATERMELON,WATERMELON/66_100.jpg
WATERMELON,WATERMELON/67_100.jpg
WATERMELON,WATERMELON/68_100.jpg
WATERMELON,WATERMELON/69_100.jpg
WATERMELON,WATERMELON/6_100.jpg
WATERMELON,WATERMELON/70_100.jpg
WATERMELON,WATERMELON/71_100.jpg
WATERMELON,WATERMELON/72_100.jpg
WATERMELON,WATERMELON/73_100.jpg
WATERMELON,WATERMELON/74_100.jpg
WATERMELON,WATERMELON/75_100.jpg
WATERMELON,WATERMELON/76_100.jpg
WATERMELON,WATERMELON/77_100.jpg
WATERMELON,WATERMELON/78_100.jpg
WATERMELON,WATERMELON/79_100.jpg
WATERMELON,WATERMELON/7_100.jpg
WATERMELON,WATERMELON/80_100.jpg
WATERMELON,WATERMELON/81_100.jpg
WATERMELON,WATERMELON/82_100.jpg
WATERMELON,WATERMELON/83_100.jpg
WATERMELON,WATERMELON/84_100.jpg
WATERMELON,WATERMELON/85_100.jpg
WATERMELON,WATERMELON/86_100.jpg
WATERMELON,WATERMELON/87_100.jpg
WATERMELON,WATERMELON/88_100.jpg
WATERMELON,WATERMELON/89_100.jpg
WATERMELON,WATERMELON/8_100.jpg
WATERMELON,WATERMELON/90_100.jpg
WATERMELON,WATERMELON/91_100.jpg
WATERMELON,WATERMELON/92_100.jpg
WATERMELON,WATERMELON/93_100.jpg
WATERMELON,WATERMELON/94_100.jpg
WATERMELON,WATERMELON/95_100.jpg
WATERMELON,WATERMELON/96_100.jpg
WATERMELON,WATERMELON/97_100.jpg
WATERMELON,WATERMELON/98_100.jpg
WATERMELON,WATERMELON/99_100.jpg
WATERMELON,WATERMELON/9_100.jpg
WATERMELON,WATERMELON/r_0_100.jpg
WATERMELON,WATERMELON/r_10_100.jpg
WATERMELON,WATERMELON/r_116_100.jpg
WATERMELON,WATERMELON/r_117_100.jpg
WATERMELON,WATERMELON/r_118_100.jpg
WATERMELON,WATERMELON/r_119_100.jpg
WATERMELON,WATERMELON/r_11_100.jpg
WATERMELON,WATERMELON/r_120_100.jpg
WATERMELON,WATERMELON/r_121_100.jpg
WATERMELON,WATERMELON/r_122_100.jpg
WATERMELON,WATERMELON/r_123_100.jpg
WATERMELON,WATERMELON/r_124_100.jpg
WATERMELON,WATERMELON/r_125_100.jpg
WATERMELON,WATERMELON/r_126_100.jpg
WATERMELON,WATERMELON/r_127_100.jpg
WATERMELON,WATERMELON/r_128_100.jpg
WATERMELON,WATERMELON/r_129_100.jpg
WATERMELON,WATERMELON/r_12_100.jpg
WATERMELON,WATERMELON/r_130_100.jpg
WATERMELON,WATERMELON/r_131_100.jpg
WATERMELON,WATERMELON/r_132_100.jpg
WATERMELON,WATERMELON/r_133_100.jpg
WATERMELON,WATERMELON/r_134_100.jpg
WATERMELON,WATERMELON/r_135_100.jpg
WATERMELON,WATERMELON/r_136_100.jpg
WATERMELON,WATERMELON/r_137_100.jpg
WATERMELON,WATERMELON/r_138_100.jpg
WATERMELON,WATERMELON/r_139_100.jpg
WATERMELON,WATERMELON/r_13_100.jpg
WATERMELON,WATERMELON/r_140_100.jpg
WATERMELON,WATERMELON/r_141_100.jpg
WATERMELON,WATERMELON/r_142_100.jpg
WATERMELON,WATERMELON/r_143_100.jpg
WATERMELON,WATERMELON/r_144_100.jpg
WATERMELON,WATERMELON/r_145_100.jpg
WATERMELON,WATERMELON/r_146_100.jpg
WATERMELON,WATERMELON/r_147_100.jpg
WATERMELON,WATERMELON/r_148_100.jpg
WATERMELON,WATERMELON/r_149_100.jpg
WATERMELON,WATERMELON/r_14_100.jpg
WATERMELON,WATERMELON/r_150_100.jpg
WATERMELON,WATERMELON/r_151_100.jpg
WATERMELON,WATERMELON/r_152_100.jpg
WATERMELON,WATERMELON/r_153_100.jpg
WATERMELON,WATERMELON/r_154_100.jpg
WATERMELON,WATERMELON/r_155_100.jpg
WATERMELON,WATERMELON/r_156_100.jpg
WATERMELON,WATERMELON/r_157_100.jpg
WATERMELON,WATERMELON/r_158_100.jpg
WATERMELON,WATERMELON/r_159_100.jpg
WATERMELON,WATERMELON/r_15_100.jpg
WATERMELON,WATERMELON/r_160_100.jpg
WATERMELON,WATERMELON/r_161_100.jpg
WATERMELON,WATERMELON/r_162_100.jpg
WATERMELON,WATERMELON/r_163_100.jpg
WATERMELON,WATERMELON/r_164_100.jpg
WATERMELON,WATERMELON/r_165_100.jpg
WATERMELON,WATERMELON/r_166_100.jpg
WATERMELON,WATERMELON/r_167_100.jpg
WATERMELON,WATERMELON/r_16_100.jpg
WATERMELON,WATERMELON/r_170_100.jpg
WATERMELON,WATERMELON/r_177_100.jpg
WATERMELON,WATERMELON/r_179_100.jpg
WATERMELON,WATERMELON/r_17_100.jpg
WATERMELON,WATERMELON/r_182_100.jpg
WATERMELON,WATERMELON/r_184_100.jpg
WATERMELON,WATERMELON/r_185_100.jpg
WATERMELON,WATERMELON/r_186_100.jpg
WATERMELON,WATERMELON/r_187_100.jpg
WATERMELON,WATERMELON/r_188_100.jpg
WATERMELON,WATERMELON/r_189_100.jpg
WATERMELON,WATERMELON/r_18_100.jpg
WATERMELON,WATERMELON/r_190_100.jpg
WATERMELON,WATERMELON/r_191_100.jpg
WATERMELON,WATERMELON/r_192_100.jpg
WATERMELON,WATERMELON/r_193_100.jpg
WATERMELON,WATERMELON/r_194_100.jpg
WATERMELON,WATERMELON/r_195_100.jpg
WATERMELON,WATERMELON/r_196_100.jpg
WATERMELON,WATERMELON/r_197_100.jpg
WATERMELON,WATERMELON/r_198_100.jpg
WATERMELON,WATERMELON/r_199_100.jpg
WATERMELON,WATERMELON/r_19_100.jpg
WATERMELON,WATERMELON/r_1_100.jpg
WATERMELON,WATERMELON/r_200_100.jpg
WATERMELON,WATERMELON/r_201_100.jpg
WATERMELON,WATERMELON/r_202_100.jpg
WATERMELON,WATERMELON/r_203_100.jpg
WATERMELON,WATERMELON/r_204_100.jpg
WATERMELON,WATERMELON/r_205_100.jpg
WATERMELON,WATERMELON/r_206_100.jpg
WATERMELON,WATERMELON/r_207_100.jpg
WATERMELON,WATERMELON/r_208_100.jpg
WATERMELON,WATERMELON/r_209_100.jpg
WATERMELON,WATERMELON/r_20_100.jpg
WATERMELON,WATERMELON/r_210_100.jpg
WATERMELON,WATERMELON/r_211_100.jpg
WATERMELON,WATERMELON/r_212_100.jpg
WATERMELON,WATERMELON/r_213_100.jpg
WATERMELON,WATERMELON/r_214_100.jpg
WATERMELON,WATERMELON/r_215_100.jpg
WATERMELON,WATERMELON/r_216_100.jpg
WATERMELON,WATERMELON/r_217_100.jpg
WATERMELON,WATERMELON/r_218_100.jpg
WATERMELON,WATERMELON/r_219_100.jpg
WATERMELON,WATERMELON/r_21_100.jpg
WATERMELON,WATERMELON/r_220_100.jpg
WATERMELON,WATERMELON/r_221_100.jpg
WATERMELON,WATERMELON/r_222_100.jpg
WATERMELON,WATERMELON/r_223_100.jpg
WATERMELON,WATERMELON/r_224_100.jpg
WATERMELON,WATERMELON/r_225_100.jpg
WATERMELON,WATERMELON/r_226_100.jpg
WATERMELON,WATERMELON/r_227_100.jpg
WATERMELON,WATERMELON/r_228_100.jpg
WATERMELON,WATERMELON/r_229_100.jpg
WATERMELON,WATERMELON/r_22_100.jpg
WATERMELON,WATERMELON/r_230_100.jpg
WATERMELON,WATERMELON/r_231_100.jpg
WATERMELON,WATERMELON/r_232_100.jpg
WATERMELON,WATERMELON/r_233_100.jpg
WATERMELON,WATERMELON/r_234_100.jpg
WATERMELON,WATERMELON/r_235_100.jpg
WATERMELON,WATERMELON/r_236_100.jpg
WATERMELON,WATERMELON/r_237_100.jpg
WATERMELON,WATERMELON/r_238_100.jpg
WATERMELON,WATERMELON/r_239_100.jpg
WATERMELON,WATERMELON/r_23_100.jpg
WATERMELON,WATERMELON/r_240_100.jpg
WATERMELON,WATERMELON/r_241_100.jpg
WATERMELON,WATERMELON/r_242_100.jpg
WATERMELON,WATERMELON/r_243_100.jpg
WATERMELON,WATERMELON/r_244_100.jpg
WATERMELON,WATERMELON/r_245_100.jpg
WATERMELON,WATERMELON/r_246_100.jpg
WATERMELON,WATERMELON/r_247_100.jpg
WATERMELON,WATERMELON/r_248_100.jpg
WATERMELON,WATERMELON/r_249_100.jpg
WATERMELON,WATERMELON/r_24_100.jpg
WATERMELON,WATERMELON/r_250_100.jpg
WATERMELON,WATERMELON/r_251_100.jpg
WATERMELON,WATERMELON/r_252_100.jpg
WATERMELON,WATERMELON/r_253_100.jpg
WATERMELON,WATERMELON/r_254_100.jpg
WATERMELON,WATERMELON/r_255_100.jpg
WATERMELON,WATERMELON/r_256_100.jpg
WATERMELON,WATERMELON/r_257_100.jpg
WATERMELON,WATERMELON/r_258_100.jpg
WATERMELON,WATERMELON/r_259_100.jpg
WATERMELON,WATERMELON/r_25_100.jpg
WATERMELON,WATERMELON/r_260_100.jpg
WATERMELON,WATERMELON/r_261_100.jpg
WATERMELON,WATERMELON/r_262_100.jpg
WATERMELON,WATERMELON/r_263_100.jpg
WATERMELON,WATERMELON/r_264_100.jpg
WATERMELON,WATERMELON/r_265_100.jpg
WATERMELON,WATERMELON/r_266_100.jpg
WATERMELON,WATERMELON/r_267_100.jpg
WATERMELON,WATERMELON/r_268_100.jpg
WATERMELON,WATERMELON/r_269_100.jpg
WATERMELON,WATERMELON/r_26_100.jpg
WATERMELON,WATERMELON/r_270_100.jpg
WATERMELON,WATERMELON/r_271_100.jpg
WATERMELON,WATERMELON/r_272_100.jpg
WATERMELON,WATERMELON/r_273_100.jpg
WATERMELON,WATERMELON/r_274_100.jpg
WATERMELON,WATERMELON/r_275_100.jpg
WATERMELON,WATERMELON/r_276_100.jpg
WATERMELON,WATERMELON/r_277_100.jpg
WATERMELON,WATERMELON/r_278_100.jpg
WATERMELON,WATERMELON/r_279_100.jpg
WATERMELON,WATERMELON/r_27_100.jpg
WATERMELON,WATERMELON/r_280_100.jpg
WATERMELON,WATERMELON/r_281_100.jpg
WATERMELON,WATERMELON/r_282_100.jpg
WATERMELON,WATERMELON/r_283_100.jpg
WATERMELON,WATERMELON/r_284_100.jpg
WATERMELON,WATERMELON/r_285_100.jpg
WATERMELON,WATERMELON/r_286_100.jpg
WATERMELON,WATERMELON/r_287_100.jpg
WATERMELON,WATERMELON/r_288_100.jpg
WATERMELON,WATERMELON/r_289_100.jpg
WATERMELON,WATERMELON/r_28_100.jpg
WATERMELON,WATERMELON/r_290_100.jpg
WATERMELON,WATERMELON/r_291_100.jpg
WATERMELON,WATERMELON/r_292_100.jpg
WATERMELON,WATERMELON/r_293_100.jpg
WATERMELON,WATERMELON/r_294_100.jpg
WATERMELON,WATERMELON/r_295_100.jpg
WATERMELON,WATERMELON/r_296_100.jpg
WATERMELON,WATERMELON/r_297_100.jpg
WATERMELON,WATERMELON/r_298_100.jpg
WATERMELON,WATERMELON/r_299_100.jpg
WATERMELON,WATERMELON/r_29_100.jpg
WATERMELON,WATERMELON/r_2_100.jpg
WATERMELON,WATERMELON/r_300_100.jpg
WATERMELON,WATERMELON/r_301_100.jpg
WATERMELON,WATERMELON/r_302_100.jpg
WATERMELON,WATERMELON/r_303_100.jpg
WATERMELON,WATERMELON/r_304_100.jpg
WATERMELON,WATERMELON/r_305_100.jpg
WATERMELON,WATERMELON/r_306_100.jpg
WATERMELON,WATERMELON/r_307_100.jpg
WATERMELON,WATERMELON/r_308_100.jpg
WATERMELON,WATERMELON/r_309_100.jpg
WATERMELON,WATERMELON/r_30_100.jpg
WATERMELON,WATERMELON/r_310_100.jpg
WATERMELON,WATERMELON/r_311_100.jpg
WATERMELON,WATERMELON/r_312_100.jpg
WATERMELON,WATERMELON/r_313_100.jpg
WATERMELON,WATERMELON/r_314_100.jpg
WATERMELON,WATERMELON/r_315_100.jpg
WATERMELON,WATERMELON/r_31_100.jpg
WATERMELON,WATERMELON/r_32_100.jpg
WATERMELON,WATERMELON/r_33_100.jpg
WATERMELON,WATERMELON/r_34_100.jpg
WATERMELON,WATERMELON/r_35_100.jpg
WATERMELON,WATERMELON/r_36_100.jpg
WATERMELON,WATERMELON/r_37_100.jpg
WATERMELON,WATERMELON/r_38_100.jpg
WATERMELON,WATERMELON/r_39_100.jpg
WATERMELON,WATERMELON/r_3_100.jpg
WATERMELON,WATERMELON/r_40_100.jpg
WATERMELON,WATERMELON/r_41_100.jpg
WATERMELON,WATERMELON/r_42_100.jpg
WATERMELON,WATERMELON/r_43_100.jpg
WATERMELON,WATERMELON/r_44_100.jpg
WATERMELON,WATERMELON/r_45_100.jpg
WATERMELON,WATERMELON/r_46_100.jpg
WATERMELON,WATERMELON/r_4_100.jpg
WATERMELON,WATERMELON/r_50_100.jpg
WATERMELON,WATERMELON/r_57_100.jpg
WATERMELON,WATERMELON/r_5_100.jpg
WATERMELON,WATERMELON/r_6_100.jpg
WATERMELON,WATERMELON/r_7_100.jpg
WATERMELON,WATERMELON/r_81_100.jpg
WATERMELON,WATERMELON/r_8_100.jpg
WATERMELON,WATERMELON/r_9_100.jpg
